"Points:0","Points:1","Points:2"
-0.019649,-0.00619,-0.002778
-0.018961,-0.007248,-0.002505
-0.018979,-0.006507,-0.002034
-0.016564,-0.006438,-0.001908
-0.016344,-0.006142,-0.002487
-0.016085,-0.006418,-0.002146
-0.014441,-0.006221,-0.002272
-0.009715,-0.006312,-0.002017
-0.019603,-0.005397,-0.002798
-0.019396,-0.004935,-0.002488
-0.017833,-0.005697,-0.002655
-0.016431,-0.004926,-0.00263
-0.016627,-0.005565,-0.002513
-0.016981,-0.004819,-0.001985
-0.016112,-0.005459,-0.002297
-0.015375,-0.005323,-0.002535
-0.015221,-0.005767,-0.002384
-0.014581,-0.005021,-0.002191
-0.013944,-0.005216,-0.002024
-0.012843,-0.005422,-0.002208
-0.010816,-0.004768,-0.002272
-0.008884,-0.005813,-0.001888
-0.008969,-0.004857,-0.002222
-0.009231,-0.005405,-0.001917
-0.008183,-0.005973,-0.002156
-0.008275,-0.005363,-0.001973
-0.007983,-0.005196,-0.002003
-0.007622,-0.00546,-0.002107
-0.006973,-0.005474,-0.002142
-0.006875,-0.004933,-0.001855
-0.019165,-0.0044,-0.002709
-0.019643,-0.004564,-0.001962
-0.019998,-0.004475,-0.002476
-0.018572,-0.004334,-0.002526
-0.017839,-0.004136,-0.002503
-0.01782,-0.003585,-0.002372
-0.01837,-0.003697,-0.001873
-0.017127,-0.003679,-0.002688
-0.016877,-0.003495,-0.002124
-0.015734,-0.004104,-0.001969
-0.015236,-0.003716,-0.002387
-0.014541,-0.003569,-0.002639
-0.014895,-0.003799,-0.002071
-0.014235,-0.003496,-0.00237
-0.014162,-0.00397,-0.002136
-0.01352,-0.0038,-0.002302
-0.013336,-0.004471,-0.00218
-0.01285,-0.004423,-0.001916
-0.011662,-0.003825,-0.002326
-0.010794,-0.003505,-0.002115
-0.010465,-0.003694,-0.002112
-0.010025,-0.003781,-0.002108
-0.009898,-0.004427,-0.002085
-0.0088,-0.003753,-0.002119
-0.009401,-0.003459,-0.002204
-0.006857,-0.003468,-0.002041
-0.005257,-0.003953,-0.001957
-0.01982,-0.002672,-0.002765
-0.019177,-0.002488,-0.002716
-0.018788,-0.002922,-0.002668
-0.019652,-0.003184,-0.00212
-0.01816,-0.002656,-0.002289
-0.018158,-0.002548,-0.002609
-0.017372,-0.003118,-0.002684
-0.016993,-0.002572,-0.002341
-0.016893,-0.002657,-0.002562
-0.015708,-0.003366,-0.002631
-0.015321,-0.002249,-0.002509
-0.01525,-0.002728,-0.002428
-0.014763,-0.002877,-0.00249
-0.014125,-0.002581,-0.002608
-0.013614,-0.002847,-0.002483
-0.013154,-0.002255,-0.002503
-0.013078,-0.003065,-0.002086
-0.012409,-0.002874,-0.00231
-0.011686,-0.002784,-0.002267
-0.011261,-0.003246,-0.002134
-0.009942,-0.002223,-0.002276
-0.008889,-0.003077,-0.002192
-0.007375,-0.003308,-0.002371
-0.008355,-0.002832,-0.002109
-0.007329,-0.002609,-0.002111
-0.006236,-0.003286,-0.002313
-0.006691,-0.002256,-0.002384
-0.006611,-0.002495,-0.001859
-0.005257,-0.002905,-0.002071
-0.005012,-0.002165,-0.002201
-0.003979,-0.003228,-0.002137
-0.002721,-0.00255,-0.002162
-0.00026,-0.002833,-0.002013
-0.019497,-0.001902,-0.002603
-0.019488,-0.001062,-0.002345
-0.019407,-0.001494,-0.002569
-0.019,-0.001729,-0.002493
-0.017781,-0.001108,-0.002666
-0.017556,-0.002092,-0.00232
-0.018561,-0.001199,-0.002157
-0.017492,-0.00147,-0.002226
-0.016615,-0.001742,-0.002596
-0.016397,-0.001044,-0.002548
-0.014977,-0.00207,-0.002193
-0.016083,-0.001962,-0.00212
-0.015283,-0.00126,-0.002137
-0.015095,-0.001528,-0.002228
-0.014733,-0.000881,-0.002098
-0.014513,-0.001392,-0.002107
-0.01418,-0.001013,-0.002456
-0.013626,-0.001401,-0.002119
-0.013265,-0.001444,-0.002097
-0.01297,-0.001056,-0.00242
-0.012663,-0.001498,-0.001956
-0.012381,-0.001212,-0.00243
-0.011441,-0.001879,-0.002373
-0.010736,-0.001668,-0.002281
-0.009363,-0.001365,-0.002197
-0.008612,-0.001922,-0.002363
-0.008116,-0.001551,-0.002047
-0.005959,-0.001965,-0.002234
-0.004866,-0.001192,-0.001866
-0.003467,-0.00156,-0.002126
-0.001796,-0.002095,-0.001877
-0.001634,-0.001371,-0.002028
-4.3e-05,-0.000893,-0.001859
0.000848,-0.001376,-0.002228
-0.019314,-0.000624,-0.002111
-0.018501,-0.000241,-0.002012
-0.018107,-0.000691,-0.002607
-0.018443,0.000176,-0.002006
-0.017957,0.000195,-0.002291
-0.016558,-0.000755,-0.002464
-0.017426,-0.000432,-0.002578
-0.016648,0.000375,-0.002468
-0.016511,-0.000161,-0.002123
-0.015676,-0.000384,-0.002087
-0.015144,-7.4e-05,-0.002331
-0.013872,-0.000784,-0.002369
-0.014645,-0.000352,-0.002003
-0.013057,-0.000723,-0.001903
-0.012791,0.000151,-0.002444
-0.012136,9.3e-05,-0.002355
-0.01143,0.000136,-0.002275
-0.010944,-0.000528,-0.002275
-0.009581,0.000297,-0.002133
-0.009356,-0.000635,-0.002387
-0.008793,-1.9e-05,-0.001978
-0.008559,-0.000414,-0.002167
-0.007883,-0.000736,-0.002339
-0.008052,-0.000311,-0.002226
-0.007416,0.000379,-0.002314
-0.006303,-0.000556,-0.002172
-0.006863,-0.000416,-0.002197
-0.005908,-0.000798,-0.001999
-0.005975,-0.000392,-0.001934
-0.005355,0.000178,-0.002033
-0.004438,-0.000434,-0.002299
-0.002863,-0.000315,-0.001982
-0.002282,0.000342,-0.002237
-0.001075,-0.00069,-0.002125
0.000539,2.8e-05,-0.001958
0.001584,0.000138,-0.002161
-0.01987,0.001603,-0.002553
-0.019625,0.001285,-0.002502
-0.01909,0.000682,-0.002325
-0.018413,0.000834,-0.002646
-0.018255,0.00139,-0.002296
-0.018006,0.00165,-0.00261
-0.017883,0.000858,-0.002588
-0.017654,0.001541,-0.002463
-0.01664,0.000937,-0.00254
-0.015388,0.000547,-0.002057
-0.015582,0.00164,-0.002287
-0.015844,0.001396,-0.001918
-0.015084,0.000709,-0.00193
-0.014186,0.000542,-0.002474
-0.014709,0.000628,-0.001881
-0.014264,0.001589,-0.002456
-0.014001,0.001007,-0.002456
-0.013168,0.000603,-0.002345
-0.012501,0.001306,-0.002405
-0.011978,0.000469,-0.00198
-0.012142,0.001046,-0.002117
-0.011177,0.001303,-0.002387
-0.010431,0.000881,-0.002192
-0.010092,0.001279,-0.0022
-0.008509,0.000914,-0.002275
-0.006449,0.000667,-0.002312
-0.003526,0.001562,-0.002263
-0.003964,0.001644,-0.002294
-0.002359,0.001591,-0.002343
-0.00091,0.001229,-0.0019
-0.000738,0.000552,-0.002395
0.000763,0.001568,-0.002291
0.002969,0.000867,-0.00199
-0.019784,0.002498,-0.002776
-0.019606,0.00233,-0.002019
-0.019039,0.001872,-0.002614
-0.018403,0.002087,-0.002155
-0.017757,0.002461,-0.001981
-0.017667,0.002111,-0.002519
-0.016759,0.00177,-0.002365
-0.017215,0.002424,-0.002272
-0.016277,0.002151,-0.002394
-0.015277,0.002042,-0.002007
-0.014741,0.001984,-0.002382
-0.014403,0.002486,-0.001999
-0.013118,0.00175,-0.002447
-0.01287,0.001995,-0.002456
-0.012681,0.00262,-0.002395
-0.011774,0.00226,-0.002159
-0.011862,0.001919,-0.002298
-0.010848,0.002673,-0.002335
-0.010129,0.002112,-0.002123
-0.009532,0.00246,-0.002271
-0.00896,0.002731,-0.00229
-0.008096,0.001851,-0.002256
-0.007447,0.002634,-0.00225
-0.00722,0.001967,-0.001957
-0.006625,0.002204,-0.00235
-0.006165,0.002513,-0.002305
-0.005786,0.001895,-0.002516
-0.005106,0.002279,-0.002254
-0.004391,0.002282,-0.002263
-0.004428,0.002748,-0.002207
-0.003262,0.002197,-0.002082
-0.003152,0.0028,-0.002469
-0.002005,0.002277,-0.001965
-0.001139,0.002025,-0.002161
0.001705,0.002167,-0.001914
-0.019996,0.003082,-0.002573
-0.019255,0.004147,-0.002374
-0.018881,0.003502,-0.002485
-0.018361,0.003325,-0.00248
-0.018003,0.003987,-0.00248
-0.017336,0.00313,-0.002596
-0.016791,0.003464,-0.002437
-0.016355,0.003616,-0.002129
-0.016303,0.004128,-0.002346
-0.015515,0.00369,-0.002298
-0.015385,0.003182,-0.00241
-0.01379,0.002997,-0.002326
-0.014579,0.003976,-0.00238
-0.013897,0.003288,-0.002366
-0.013415,0.003431,-0.002352
-0.013526,0.004021,-0.001876
-0.012416,0.004134,-0.002218
-0.011979,0.003448,-0.00237
-0.010371,0.003352,-0.002278
-0.008947,0.004081,-0.002285
-0.00839,0.003725,-0.002234
-0.007626,0.003171,-0.002075
-0.008235,0.003306,-0.001855
-0.006306,0.003066,-0.001969
-0.006852,0.003085,-0.002122
-0.00701,0.003925,-0.002175
-0.005791,0.003011,-0.002078
-0.00566,0.003876,-0.002163
-0.004013,0.003106,-0.001917
-0.004333,0.00319,-0.002204
-0.001089,0.003685,-0.002385
-0.001694,0.004159,-0.001892
0.000629,0.003524,-0.001885
-0.019259,0.004644,-0.002806
-0.019738,0.005446,-0.002556
-0.019347,0.00508,-0.002201
-0.018598,0.005386,-0.00288
-0.018271,0.004677,-0.002651
-0.017569,0.005394,-0.002511
-0.01744,0.004914,-0.002053
-0.017069,0.004847,-0.00242
-0.017008,0.005402,-0.002415
-0.016491,0.005039,-0.002376
-0.015487,0.00431,-0.002229
-0.015485,0.004695,-0.002088
-0.015157,0.005024,-0.001978
-0.014495,0.004624,-0.002175
-0.014111,0.005191,-0.002034
-0.013908,0.004615,-0.002493
-0.01388,0.005089,-0.001999
-0.013507,0.00467,-0.002392
-0.011693,0.004316,-0.002373
-0.011936,0.005251,-0.002377
-0.011312,0.005262,-0.002252
-0.011189,0.004833,-0.00203
-0.010308,0.005288,-0.002386
-0.009465,0.004699,-0.002131
-0.009064,0.005326,-0.002291
-0.008505,0.005391,-0.002233
-0.007948,0.005046,-0.00226
-0.007254,0.004987,-0.001984
-0.006288,0.004297,-0.002245
-0.006056,0.005483,-0.002075
-0.004587,0.004252,-0.002242
-0.003564,0.004448,-0.002022
-0.002832,0.004469,-0.002399
-0.00233,0.005184,-0.001998
-0.001009,0.004288,-0.002386
-0.001654,0.004697,-0.002181
-0.001424,0.005178,-0.001919
-0.00039,0.004991,-0.00234
0.00137,0.004399,-0.002023
0.002703,0.004357,-0.002228
-0.019761,0.006301,-0.002907
-0.019108,0.005937,-0.002892
-0.018836,0.006606,-0.002828
-0.019331,0.00641,-0.001936
-0.018197,0.005517,-0.002691
-0.017725,0.00631,-0.002752
-0.018556,0.006436,-0.002481
-0.0186,0.00617,-0.001889
-0.016888,0.00676,-0.002185
-0.016408,0.005703,-0.002117
-0.015893,0.006497,-0.002402
-0.015322,0.005861,-0.002356
-0.014998,0.006403,-0.002375
-0.013904,0.005637,-0.00227
-0.014503,0.00613,-0.00187
-0.012803,0.00566,-0.002482
-0.013242,0.006429,-0.002245
-0.012736,0.005994,-0.002228
-0.012237,0.006053,-0.002194
-0.012059,0.006659,-0.002237
-0.011714,0.005834,-0.002281
-0.01089,0.006192,-0.002374
-0.010472,0.006193,-0.00231
-0.009047,0.005902,-0.002177
-0.00926,0.006375,-0.001996
-0.008851,0.006583,-0.002189
-0.008296,0.005963,-0.001976
-0.008415,0.006731,-0.002264
-0.007913,0.006444,-0.002169
-0.007474,0.005862,-0.002275
-0.006395,0.006329,-0.001985
-0.005712,0.006314,-0.001922
-0.00465,0.006106,-0.002151
-0.003093,0.005731,-0.002217
-0.001424,0.005758,-0.002223
0.000152,0.006069,-0.002014
0.001363,0.005667,-0.00224
-0.019751,0.00772,-0.00265
-0.019111,0.007105,-0.002893
-0.018702,0.007387,-0.002772
-0.017722,0.007733,-0.002851
-0.01719,0.00766,-0.002432
-0.0168,0.007283,-0.002183
-0.016193,0.007115,-0.00262
-0.015721,0.00786,-0.002378
-0.014964,0.007184,-0.002224
-0.014889,0.007159,-0.002414
-0.014542,0.007783,-0.002372
-0.014501,0.007488,-0.002435
-0.01379,0.006998,-0.001872
-0.013309,0.007101,-0.002276
-0.012994,0.007522,-0.002398
-0.011503,0.006829,-0.002106
-0.011648,0.007914,-0.002328
-0.012007,0.007433,-0.001946
-0.010951,0.006781,-0.00239
-0.010242,0.007559,-0.002311
-0.009691,0.007666,-0.001981
-0.008621,0.00766,-0.001937
-0.00918,0.008049,-0.002014
-0.007278,0.006809,-0.001996
-0.007871,0.00753,-0.002229
-0.007668,0.007969,-0.00196
-0.007468,0.007145,-0.002047
-0.006007,0.00685,-0.002065
-0.004568,0.007482,-0.001964
-0.003351,0.006977,-0.002162
-0.001943,0.007004,-0.002238
-0.019506,0.008197,-0.00261
-0.019226,0.00853,-0.002361
-0.018714,0.008125,-0.002959
-0.018655,0.008488,-0.002615
-0.018472,0.009078,-0.002561
-0.017971,0.008805,-0.002448
-0.017465,0.008927,-0.002386
-0.016636,0.008239,-0.002737
-0.017024,0.008986,-0.002136
-0.016278,0.00886,-0.002201
-0.01528,0.008217,-0.002431
-0.012904,0.008789,-0.002389
-0.011237,0.009124,-0.002205
-0.010049,0.008149,-0.002264
-0.010496,0.008645,-0.002241
-0.009291,0.008819,-0.002078
-0.007858,0.008904,-0.002008
-0.006996,0.008581,-0.002146
-0.005941,0.008214,-0.002206
-0.016236,0.009789,-0.002787
-0.014991,0.009357,-0.00258
-0.015706,0.009608,-0.00213
-0.014724,0.009997,-0.001988
-0.013029,0.009466,-0.002131
-0.013559,0.010216,-0.002157
-0.009565,0.00938,-0.002211
-0.008441,0.009413,-0.002081
-0.008516,0.009881,-0.001873
-0.007662,0.009662,-0.002264
-0.006426,0.010373,-0.002244
-0.014455,0.01083,-0.002499
-0.013612,0.011101,-0.002603
-0.00913,-0.007746,-0.001468
-0.019711,-0.00631,-0.001519
-0.019664,-0.00684,-0.000955
-0.019075,-0.006208,-0.001279
-0.018635,-0.00706,-0.0014
-0.01814,-0.006418,-0.001266
-0.017833,-0.006079,-0.001054
-0.015448,-0.006104,-0.001607
-0.01514,-0.007085,-0.00114
-0.013997,-0.006333,-0.001602
-0.013569,-0.007069,-0.001284
-0.013396,-0.006055,-0.001016
-0.011384,-0.006346,-0.001073
-0.009533,-0.006497,-0.00103
-0.008306,-0.006438,-0.001058
-0.019516,-0.005373,-0.001359
-0.019496,-0.004873,-0.001517
-0.019094,-0.005177,-0.001812
-0.018824,-0.00561,-0.001265
-0.017917,-0.005145,-0.001635
-0.01633,-0.005937,-0.001595
-0.017075,-0.00544,-0.001002
-0.015492,-0.005309,-0.001584
-0.015631,-0.005956,-0.000976
-0.01605,-0.005759,-0.001348
-0.014403,-0.005812,-0.001084
-0.014748,-0.005061,-0.001169
-0.013764,-0.005439,-0.001267
-0.012829,-0.005641,-0.001187
-0.011553,-0.005756,-0.001822
-0.011148,-0.005552,-0.001436
-0.01233,-0.005026,-0.001125
-0.011851,-0.005681,-0.001258
-0.010648,-0.005476,-0.001092
-0.010088,-0.00566,-0.001097
-0.009785,-0.00555,-0.001459
-0.008794,-0.005828,-0.001246
-0.007358,-0.004894,-0.001609
-0.00767,-0.005913,-0.001134
-0.006805,-0.005539,-0.001061
-0.006176,-0.00498,-0.001126
-0.004854,-0.005141,-0.001545
-0.004187,-0.004714,-0.001469
0.000712,-0.004729,-0.001354
-0.019653,-0.003919,-0.001374
-0.019125,-0.003468,-0.001334
-0.018885,-0.004454,-0.000962
-0.018178,-0.004103,-0.001239
-0.016931,-0.003771,-0.001508
-0.017299,-0.004109,-0.001101
-0.016259,-0.004414,-0.001194
-0.015513,-0.003604,-0.00153
-0.014679,-0.004254,-0.000987
-0.014224,-0.004137,-0.00109
-0.012797,-0.004657,-0.001382
-0.012825,-0.003438,-0.001641
-0.013406,-0.004292,-0.001331
-0.011167,-0.003959,-0.001413
-0.011535,-0.004678,-0.001311
-0.011753,-0.003749,-0.001276
-0.01013,-0.00446,-0.001386
-0.009177,-0.003545,-0.001624
-0.009598,-0.004685,-0.001221
-0.008566,-0.004551,-0.000859
-0.00874,-0.003763,-0.001011
-0.007795,-0.004214,-0.001458
-0.007631,-0.003866,-0.001025
-0.00658,-0.004519,-0.001755
-0.007072,-0.003585,-0.00103
-0.005974,-0.004025,-0.001628
-0.005753,-0.004652,-0.00107
-0.00504,-0.00463,-0.001333
-0.004799,-0.004136,-0.00122
-0.004194,-0.003769,-0.00109
-0.002161,-0.004315,-0.00169
-0.002774,-0.004298,-0.001163
-0.001081,-0.004316,-0.001152
-0.000448,-0.00437,-0.001588
0.001884,-0.003481,-0.00126
-0.0193,-0.002586,-0.001298
-0.018242,-0.002622,-0.001329
-0.018049,-0.003237,-0.00094
-0.016649,-0.002579,-0.001358
-0.017344,-0.002557,-0.001275
-0.016614,-0.002778,-0.000792
-0.015762,-0.002296,-0.00144
-0.015342,-0.003396,-0.00121
-0.015406,-0.002994,-0.001014
-0.014147,-0.002617,-0.000987
-0.014118,-0.002914,-0.001262
-0.012383,-0.003361,-0.0016
-0.013269,-0.003092,-0.001346
-0.013054,-0.002447,-0.000759
-0.01171,-0.002346,-0.001534
-0.012138,-0.002525,-0.001274
-0.010929,-0.002448,-0.001586
-0.010734,-0.002959,-0.0014
-0.0103,-0.003367,-0.001296
-0.009799,-0.002412,-0.001021
-0.009447,-0.00281,-0.001353
-0.00825,-0.003122,-0.001391
-0.007986,-0.00269,-0.001423
-0.006121,-0.002957,-0.001715
-0.005992,-0.003381,-0.000874
-0.007242,-0.002699,-0.001043
-0.006543,-0.002217,-0.001055
-0.005019,-0.003037,-0.001545
-0.005334,-0.002381,-0.000957
-0.004419,-0.002626,-0.001626
-0.003707,-0.00328,-0.001056
-0.003523,-0.002644,-0.0013
-0.002567,-0.003346,-0.001085
-0.002529,-0.002303,-0.00116
-0.00184,-0.0032,-0.001694
-0.001612,-0.002992,-0.001063
-0.001141,-0.003193,-0.001124
0.000101,-0.003285,-0.001108
0.000532,-0.003285,-0.001525
0.000824,-0.003016,-0.001654
0.001414,-0.002816,-0.001227
0.001911,-0.002273,-0.00154
-0.019667,-0.000951,-0.001169
-0.019001,-0.001669,-0.001143
-0.018771,-0.001868,-0.001255
-0.017563,-0.000878,-0.001356
-0.018065,-0.001323,-0.001077
-0.016287,-0.001958,-0.001469
-0.017238,-0.001371,-0.001141
-0.016302,-0.000965,-0.001198
-0.015634,-0.000934,-0.00125
-0.014958,-0.001489,-0.001203
-0.014456,-0.001859,-0.001103
-0.01371,-0.00197,-0.000942
-0.012456,-0.001637,-0.000932
-0.012155,-0.001783,-0.00145
-0.011416,-0.001139,-0.001483
-0.0114,-0.001686,-0.000796
-0.010394,-0.001319,-0.001492
-0.011053,-0.001393,-0.000991
-0.010714,-0.000938,-0.001169
-0.009801,-0.001518,-0.001796
-0.009245,-0.002051,-0.00161
-0.009338,-0.001541,-0.001137
-0.008616,-0.001874,-0.00126
-0.007495,-0.001492,-0.001779
-0.008326,-0.001055,-0.001194
-0.008194,-0.001637,-0.001213
-0.007304,-0.001055,-0.001286
-0.007212,-0.001288,-0.00149
-0.005611,-0.00141,-0.001695
-0.005829,-0.00135,-0.001061
-0.004324,-0.001828,-0.001831
-0.00373,-0.00137,-0.001692
-0.003711,-0.000917,-0.001768
-0.004497,-0.002045,-0.000854
-0.003975,-0.001107,-0.001165
-0.002329,-0.001445,-0.001793
-0.002983,-0.001927,-0.00126
-0.002147,-0.001244,-0.00111
-0.001026,-0.001813,-0.001046
-0.000115,-0.001456,-0.001778
-0.000567,-0.002053,-0.001258
-0.000314,-0.001057,-0.001119
0.000885,-0.001826,-0.001161
0.002857,-0.000994,-0.00182
0.002087,-0.001475,-0.001131
0.003259,-0.001657,-0.001187
-0.01924,-0.000621,-0.001548
-0.019765,-3.1e-05,-0.0006
-0.019716,8.2e-05,-0.001172
-0.018056,-0.000658,-0.001416
-0.018498,1.4e-05,-0.000675
-0.016835,-0.0002,-0.001743
-0.017008,-0.000733,-0.001301
-0.015775,0.000344,-0.001733
-0.015987,0.000373,-0.001001
-0.01527,-9.1e-05,-0.001102
-0.014404,0.000225,-0.00099
-0.013569,2.5e-05,-0.001811
-0.013529,-0.000457,-0.001719
-0.012899,-0.000382,-0.000875
-0.011901,-0.000476,-0.001665
-0.011102,-0.000301,-0.001391
-0.012306,7.9e-05,-0.000981
-0.012323,-0.000274,-0.000914
-0.011899,-0.00013,-0.001219
-0.01114,0.000251,-0.001171
-0.010285,-0.00021,-0.001174
-0.009977,0.000219,-0.001235
-0.010478,0.000393,-0.001121
-0.009262,-0.000702,-0.001036
-0.008682,0.000273,-0.00125
-0.008811,-0.000475,-0.001137
-0.007281,-5.3e-05,-0.001419
-0.008179,0.000194,-0.001202
-0.007811,-0.000245,-0.001196
-0.006314,0.00012,-0.001776
-0.006474,-0.000842,-0.001214
-0.006684,0.000117,-0.001002
-0.005098,-0.000479,-0.001593
-0.005173,-0.000615,-0.001061
-0.004617,0.000167,-0.001607
-0.003838,-0.000416,-0.001297
-0.003335,2.8e-05,-0.00123
-0.002919,-0.000203,-0.001055
-0.002295,-0.000327,-0.00131
-0.001239,0.000162,-0.001258
-0.001513,-0.000348,-0.00122
-0.000326,-0.000267,-0.001493
0.000161,6.8e-05,-0.00112
0.000834,-0.000661,-0.000909
0.001196,0.000288,-0.000958
0.002192,-0.000169,-0.001401
0.003933,-0.000397,-0.001513
0.003056,-0.000501,-0.001347
0.003123,6.1e-05,-0.001107
-0.019606,0.000586,-0.001389
-0.019365,0.001034,-0.001724
-0.019042,0.001608,-0.001371
-0.019675,0.001319,-0.000673
-0.017565,0.000568,-0.001302
-0.018444,0.000978,-0.00092
-0.018127,0.0006,-0.001072
-0.017969,0.00156,-0.00104
-0.017125,0.000897,-0.001712
-0.01648,0.001657,-0.001753
-0.016724,0.000416,-0.001075
-0.016164,0.000952,-0.001066
-0.016094,0.00162,-0.000894
-0.015504,0.001642,-0.000925
-0.013699,0.001433,-0.001495
-0.014648,0.000975,-0.001083
-0.013196,0.000867,-0.00172
-0.013179,0.001373,-0.001033
-0.012522,0.000671,-0.001076
-0.011888,0.000468,-0.00119
-0.012064,0.001331,-0.001067
-0.01157,0.001211,-0.001231
-0.009886,0.000559,-0.001232
-0.010161,0.000918,-0.001049
-0.010076,0.001609,-0.00102
-0.009298,0.000711,-0.001737
-0.009703,0.001146,-0.001171
-0.009302,0.000815,-0.001172
-0.00922,0.001368,-0.00118
-0.007686,0.000561,-0.001379
-0.008128,0.001452,-0.001296
-0.006709,0.001451,-0.001516
-0.007136,0.000881,-0.001266
-0.006228,0.000867,-0.001033
-0.00619,0.001556,-0.001042
-0.00564,0.00065,-0.001542
-0.005058,0.000508,-0.001139
-0.005695,0.000475,-0.001307
-0.005077,0.001574,-0.000965
-0.004882,0.001134,-0.001279
-0.004388,0.001473,-0.001415
-0.004201,0.001159,-0.00149
-0.004197,0.000523,-0.001248
-0.003478,0.001024,-0.001345
-0.003171,0.000825,-0.001798
-0.002993,0.001429,-0.001363
-0.002835,0.001035,-0.001052
-0.00114,0.000423,-0.001756
-0.002045,0.00105,-0.001582
-0.001403,0.001536,-0.001428
-0.002133,0.00087,-0.001015
-0.000998,0.00114,-0.001253
-0.000328,0.001268,-0.001593
0.000169,0.000821,-0.001517
0.001448,0.000818,-0.001332
0.00095,0.001205,-0.001015
0.002283,0.001483,-0.001612
0.002512,0.000978,-0.001104
0.00267,0.001667,-0.001111
0.004254,0.000579,-0.001154
-0.019067,0.002429,-0.001749
-0.018381,0.002921,-0.001482
-0.018718,0.002434,-0.000917
-0.01791,0.002002,-0.001057
-0.017511,0.002787,-0.00068
-0.017059,0.002056,-0.001434
-0.017309,0.002078,-0.000918
-0.016438,0.002842,-0.001179
-0.016188,0.00217,-0.001006
-0.014996,0.00251,-0.001638
-0.01577,0.002564,-0.000959
-0.015166,0.002509,-0.001254
-0.015171,0.002698,-0.000905
-0.01385,0.00253,-0.00176
-0.01456,0.001779,-0.001118
-0.013732,0.001691,-0.001066
-0.012827,0.001696,-0.001135
-0.013419,0.002712,-0.001181
-0.012686,0.00224,-0.00114
-0.012155,0.002896,-0.001481
-0.011632,0.00279,-0.001662
-0.012235,0.002295,-0.001129
-0.010633,0.001683,-0.001404
-0.010691,0.002927,-0.001455
-0.010976,0.002111,-0.000863
-0.010374,0.002381,-0.000966
-0.009241,0.001711,-0.001213
-0.009701,0.002672,-0.001248
-0.009648,0.002158,-0.001209
-0.008893,0.001926,-0.001189
-0.008594,0.002485,-0.001243
-0.007468,0.002291,-0.001597
-0.007513,0.001841,-0.000646
-0.008324,0.00215,-0.001257
-0.0074,0.00225,-0.001152
-0.006526,0.001822,-0.001401
-0.006366,0.002878,-0.001549
-0.005132,0.002301,-0.001446
-0.00572,0.001918,-0.001095
-0.005432,0.002877,-0.001203
-0.004153,0.002036,-0.00162
-0.003628,0.002709,-0.001811
-0.004558,0.002915,-0.001011
-0.002931,0.002797,-0.001303
-0.002489,0.001923,-0.001219
-0.002607,0.002854,-0.001188
-0.001663,0.001934,-0.001486
-0.001745,0.00263,-0.001188
-0.001081,0.00268,-0.001129
6.7e-05,0.002139,-0.001465
-0.000171,0.002921,-0.001475
-0.000484,0.002302,-0.001234
0.000675,0.002069,-0.001793
0.000758,0.002012,-0.001303
0.001594,0.002575,-0.001036
0.002072,0.002381,-0.001175
0.003096,0.002267,-0.001845
0.0038,0.002171,-0.001154
0.004556,0.002863,-0.0015
-0.019146,0.003748,-0.001653
-0.01944,0.004017,-0.001008
-0.017959,0.003246,-0.001409
-0.018319,0.004182,-0.001122
-0.017991,0.00378,-0.000927
-0.017118,0.003973,-0.001616
-0.01631,0.003159,-0.001801
-0.01707,0.003012,-0.001172
-0.017366,0.003386,-0.001003
-0.016546,0.003561,-0.001288
-0.016141,0.003147,-0.000972
-0.01603,0.003749,-0.000918
-0.015381,0.003237,-0.000964
-0.014381,0.003437,-0.001381
-0.014729,0.00357,-0.000892
-0.014116,0.003135,-0.001024
-0.013652,0.003532,-0.001055
-0.01317,0.003744,-0.001485
-0.013054,0.003582,-0.001142
-0.011875,0.003321,-0.001168
-0.011593,0.003959,-0.001108
-0.011163,0.003674,-0.001078
-0.010186,0.003716,-0.001379
-0.009839,0.003889,-0.001429
-0.010229,0.003057,-0.001118
-0.010548,0.003563,-0.001257
-0.008844,0.003385,-0.001705
-0.009484,0.003642,-0.001361
-0.009388,0.002997,-0.001269
-0.009089,0.003647,-0.000695
-0.008068,0.00309,-0.001503
-0.007708,0.003888,-0.001439
-0.00702,0.00315,-0.001011
-0.006851,0.003393,-0.00126
-0.005707,0.003117,-0.001394
-0.005656,0.003729,-0.001355
-0.00456,0.003686,-0.00127
-0.003476,0.003224,-0.001136
-0.002674,0.003138,-0.001825
-0.003263,0.003801,-0.0012
-0.001181,0.003681,-0.001753
-0.00166,0.003418,-0.001184
-0.001118,0.004086,-0.000951
0.000334,0.003089,-0.001329
-0.000183,0.003933,-0.001005
0.001106,0.00335,-0.001103
0.002848,0.003538,-0.001644
0.002859,0.002995,-0.001154
0.002113,0.004126,-0.00122
0.003912,0.003995,-0.001251
-0.019344,0.004993,-0.001554
-0.018923,0.004377,-0.001176
-0.018028,0.004451,-0.001587
-0.018634,0.005422,-0.001272
-0.017624,0.005474,-0.001189
-0.017505,0.004553,-0.001322
-0.016556,0.004559,-0.001258
-0.015619,0.005209,-0.00142
-0.015459,0.004307,-0.001036
-0.016153,0.004446,-0.001205
-0.015031,0.005334,-0.000832
-0.014789,0.004626,-0.000884
-0.013524,0.004821,-0.001045
-0.012939,0.004414,-0.001047
-0.01303,0.00543,-0.001078
-0.012595,0.004962,-0.00088
-0.012118,0.004693,-0.000801
-0.012092,0.004795,-0.00106
-0.01159,0.00511,-0.001173
-0.011066,0.004367,-0.001371
-0.010733,0.004499,-0.001783
-0.010398,0.005085,-0.001035
-0.009749,0.004843,-0.000968
-0.009107,0.004747,-0.00128
-0.009214,0.005299,-0.001084
-0.007513,0.004417,-0.00144
-0.008009,0.004495,-0.001757
-0.008468,0.004614,-0.001253
-0.008139,0.005153,-0.001113
-0.007031,0.005344,-0.001498
-0.006626,0.004777,-0.0014
-0.007126,0.00428,-0.001292
-0.006099,0.004821,-0.001269
-0.004862,0.00423,-0.001378
-0.00521,0.004941,-0.001449
-0.005719,0.00431,-0.001205
-0.004183,0.004273,-0.00139
-0.003497,0.005007,-0.001733
-0.00364,0.004396,-0.001078
-0.004423,0.00543,-0.001082
-0.002762,0.004483,-0.001645
-0.002427,0.004629,-0.001
-0.002157,0.004508,-0.001842
-0.000517,0.004824,-0.001268
-6e-05,0.00523,-0.001151
0.001325,0.004945,-0.001662
0.000606,0.004259,-0.001208
0.001311,0.004677,-0.001224
0.001875,0.005207,-0.001111
0.002828,0.004699,-0.001233
0.003985,0.004654,-0.00153
-0.01963,0.005803,-0.001577
-0.019572,0.006113,-0.001225
-0.018456,0.006526,-0.001358
-0.017583,0.006684,-0.001606
-0.017558,0.00584,-0.001429
-0.016369,0.005551,-0.001558
-0.016227,0.005517,-0.00079
-0.016472,0.006429,-0.001184
-0.015139,0.005811,-0.001105
-0.014263,0.006587,-0.001367
-0.014048,0.0057,-0.001039
-0.013323,0.006035,-0.001297
-0.012622,0.006562,-0.001083
-0.012419,0.006276,-0.001307
-0.011906,0.006513,-0.001103
-0.011481,0.005819,-0.001292
-0.010905,0.005741,-0.001125
-0.010533,0.00579,-0.00113
-0.009897,0.006087,-0.00114
-0.009687,0.005906,-0.001814
-0.008442,0.005871,-0.001128
-0.006901,0.005922,-0.001509
-0.006463,0.005905,-0.001408
-0.005189,0.005593,-0.001567
-0.005083,0.006672,-0.001526
-0.005389,0.00606,-0.001059
-0.00384,0.005586,-0.001603
-0.004315,0.005698,-0.001615
-0.003833,0.00644,-0.001593
-0.002506,0.006458,-0.001808
-0.002992,0.006267,-0.001356
-0.00177,0.005509,-0.000981
-0.001862,0.006719,-0.00115
-0.001718,0.006045,-0.001195
-0.000645,0.006106,-0.001584
0.000223,0.006214,-0.001487
-0.000412,0.006027,-0.001278
0.000662,0.006744,-0.001675
0.000797,0.005776,-0.001158
0.00146,0.006764,-0.001126
0.002403,0.006109,-0.001098
-0.019261,0.00777,-0.001691
-0.019865,0.007757,-0.001079
-0.018887,0.007111,-0.001329
-0.018319,0.00705,-0.001522
-0.018077,0.007549,-0.001427
-0.017457,0.007656,-0.001333
-0.017304,0.006843,-0.00117
-0.01639,0.007371,-0.000997
-0.015672,0.00691,-0.00153
-0.015196,0.006789,-0.000759
-0.015033,0.007535,-0.001064
-0.01379,0.006788,-0.001051
-0.013981,0.007951,-0.000978
-0.013214,0.007584,-0.001215
-0.011312,0.00682,-0.001304
-0.010992,0.007846,-0.001799
-0.009841,0.007018,-0.001623
-0.01089,0.007744,-0.001083
-0.010328,0.007041,-0.001168
-0.009186,0.0069,-0.001714
-0.009349,0.007506,-0.000801
-0.008656,0.007716,-0.000878
-0.007299,0.007574,-0.001696
-0.00748,0.006805,-0.001185
-0.008074,0.007184,-0.000884
-0.006562,0.007056,-0.000955
-0.006183,0.007506,-0.001243
-0.005648,0.00744,-0.001237
-0.004557,0.007183,-0.001066
-0.004089,0.00759,-0.001022
-0.003183,0.00741,-0.00157
-0.003234,0.006834,-0.001307
-0.00205,0.007734,-0.001057
-0.001048,0.007154,-0.001113
-0.000304,0.007234,-0.001089
-0.018861,0.008472,-0.001705
-0.018759,0.008256,-0.001258
-0.017671,0.008739,-0.001629
-0.017779,0.009281,-0.001273
-0.016355,0.00847,-0.001377
-0.017066,0.008193,-0.001316
-0.015838,0.009108,-0.001652
-0.015594,0.008434,-0.001188
-0.014666,0.008754,-0.001585
-0.014074,0.008357,-0.001475
-0.014024,0.00918,-0.001421
-0.012552,0.00812,-0.001691
-0.013136,0.008447,-0.00178
-0.011627,0.008642,-0.001494
-0.012091,0.008382,-0.001042
-0.010071,0.009236,-0.001529
-0.011041,0.008235,-0.001043
-0.009995,0.008399,-0.000934
-0.008733,0.00889,-0.001331
-0.007397,0.008665,-0.000987
-0.006772,0.009081,-0.001764
-0.006111,0.009296,-0.001417
-0.006531,0.008252,-0.001162
-0.004753,0.008559,-0.001458
-0.005092,0.008188,-0.00112
-0.005788,0.009296,-0.00107
-0.005464,0.008444,-0.001211
-0.003854,0.009319,-0.001227
-0.003136,0.008186,-0.001189
-0.019506,0.010196,-0.00173
-0.018989,0.009706,-0.001672
-0.019217,0.009425,-0.000995
-0.018395,0.010542,-0.001666
-0.018426,0.00984,-0.001075
-0.01683,0.009715,-0.00147
-0.016715,0.00999,-0.001156
-0.015223,0.009543,-0.001714
-0.015514,0.01056,-0.00118
-0.014409,0.010559,-0.001665
-0.014816,0.010022,-0.001068
-0.012627,0.009531,-0.001614
-0.012401,0.010422,-0.001464
-0.013603,0.009417,-0.001008
-0.012544,0.009363,-0.001138
-0.011382,0.00951,-0.00116
-0.009884,0.009984,-0.001529
-0.010499,0.009902,-0.001135
-0.009122,0.009652,-0.001562
-0.00831,0.010399,-0.001188
-0.007962,0.010043,-0.001304
-0.005991,0.009648,-0.001796
-0.007199,0.009397,-0.001299
-0.007199,0.010263,-0.001332
-0.006788,0.010102,-0.000934
-0.005118,0.010501,-0.001417
-0.01934,0.010698,-0.00177
-0.019953,0.011051,-0.000895
-0.017222,0.011067,-0.001401
-0.013563,0.010753,-0.001216
-0.011241,0.01091,-0.001305
-0.009927,0.010798,-0.001662
-0.008796,0.010767,-0.001037
-0.013633,-0.000768,2.1e-05
-0.013961,0.002492,-0.00057
-0.020001,0.00061,-0.002389
-0.035744,-0.006085,-0.002629
-0.035814,-0.005593,-0.002672
-0.020582,-0.004885,-0.002702
-0.037894,-0.003909,-0.002746
-0.038232,-0.003994,-0.002673
-0.037041,-0.003585,-0.002846
-0.032215,-0.00346,-0.002654
-0.030698,-0.003914,-0.002699
-0.02038,-0.003644,-0.002971
-0.0376,-0.00264,-0.002657
-0.038263,-0.002486,-0.003007
-0.031544,-0.002554,-0.002664
-0.031643,-0.003126,-0.002655
-0.021876,-0.00254,-0.002727
-0.020854,-0.002391,-0.003019
-0.039403,-0.001729,-0.002764
-0.039434,-0.001325,-0.002658
-0.03947,-0.001388,-0.002888
-0.038049,-0.001268,-0.002669
-0.038273,-0.001831,-0.003027
-0.032965,-0.001303,-0.00264
-0.027072,-0.001478,-0.002732
-0.021179,-0.000917,-0.002889
-0.021427,-0.001156,-0.002862
-0.02145,-0.001682,-0.002827
-0.020233,-0.000759,-0.003018
-0.020957,-0.001107,-0.002807
-0.040053,0.000488,-0.002658
-0.037785,0.000106,-0.002817
-0.037937,-0.000529,-0.002868
-0.038003,-0.000192,-0.002894
-0.038668,0.000154,-0.003005
-0.038805,-8.2e-05,-0.003024
-0.036829,0.000131,-0.002717
-0.031347,-0.000287,-0.002633
-0.031688,0.000305,-0.002687
-0.029087,0.000281,-0.00267
-0.021192,0.000334,-0.002821
-0.021229,-0.000286,-0.0029
-0.022272,-0.000667,-0.002754
-0.020109,0.000562,-0.002901
-0.020247,-4.6e-05,-0.002917
-0.02096,0.000178,-0.002859
-0.04037,0.00103,-0.002637
-0.039177,0.001449,-0.002811
-0.038266,0.001055,-0.002918
-0.038746,0.001309,-0.002708
-0.03129,0.001766,-0.002772
-0.028687,0.001483,-0.002756
-0.02907,0.001584,-0.002803
-0.02944,0.001683,-0.002902
-0.028619,0.000916,-0.002683
-0.022515,0.000702,-0.002689
-0.021656,0.000732,-0.00272
-0.020732,0.001174,-0.003014
-0.041266,0.002415,-0.002923
-0.032981,0.002147,-0.002627
-0.031258,0.002533,-0.002762
-0.032234,0.002609,-0.002665
-0.030164,0.003094,-0.003061
-0.030195,0.00223,-0.003062
-0.030769,0.003056,-0.002979
-0.02933,0.002117,-0.002736
-0.029523,0.002639,-0.002727
-0.028642,0.002966,-0.002912
-0.022681,0.001882,-0.002734
-0.021648,0.002241,-0.002733
-0.020929,0.00214,-0.003004
-0.0377,0.00431,-0.002922
-0.037002,0.003562,-0.002751
-0.031608,0.004019,-0.002657
-0.032036,0.003533,-0.002711
-0.030779,0.003974,-0.00276
-0.031127,0.004004,-0.003122
-0.028677,0.003958,-0.002905
-0.029236,0.004057,-0.003144
-0.029718,0.003748,-0.003151
-0.029779,0.003138,-0.002763
-0.027444,0.004123,-0.002692
-0.027758,0.003355,-0.002643
-0.028542,0.003487,-0.002904
-0.021138,0.003828,-0.002823
-0.020415,0.003726,-0.003013
-0.030188,0.005401,-0.002959
-0.030517,0.004882,-0.002956
-0.030912,0.004566,-0.002964
-0.028878,0.004521,-0.002762
-0.029082,0.005207,-0.00283
-0.029563,0.005183,-0.002979
-0.027943,0.004631,-0.002904
-0.028434,0.005111,-0.003076
-0.021032,0.005546,-0.002749
-0.020101,0.004985,-0.002965
-0.020802,0.004627,-0.002796
-0.030662,0.006457,-0.002694
-0.029274,0.006575,-0.002663
-0.02965,0.006149,-0.003028
-0.027543,0.006434,-0.002648
-0.027261,0.006204,-0.00269
-0.028926,0.007545,-0.00294
-0.02925,0.007581,-0.002818
-0.029325,0.007077,-0.002679
-0.027605,0.008041,-0.00299
-0.028224,0.007405,-0.002755
-0.028344,0.008176,-0.002881
-0.026643,0.007484,-0.002776
-0.02887,0.008284,-0.002917
-0.026579,0.008758,-0.0028
-0.027372,0.008773,-0.002891
-0.025528,0.009104,-0.002813
-0.025985,0.008393,-0.002978
-0.028167,0.009726,-0.002743
-0.026258,0.009838,-0.002783
-0.025852,0.009885,-0.002695
-0.044171,-0.009801,-0.001582
-0.044345,-0.01064,-0.001357
-0.040776,-0.010814,-0.001596
-0.038966,-0.009892,-0.001956
-0.046584,-0.008595,-0.002371
-0.045312,-0.008735,-0.002133
-0.044287,-0.008851,-0.002121
-0.044715,-0.009218,-0.002232
-0.045125,-0.009499,-0.001468
-0.043285,-0.009377,-0.002019
-0.043875,-0.009307,-0.00229
-0.041793,-0.009487,-0.001607
-0.042614,-0.009261,-0.001746
-0.040605,-0.009493,-0.00152
-0.041295,-0.008493,-0.001429
-0.039516,-0.008428,-0.001455
-0.039904,-0.008723,-0.001839
-0.037725,-0.009594,-0.001912
-0.037928,-0.008479,-0.001751
-0.038594,-0.008423,-0.002023
-0.038718,-0.009232,-0.001385
-0.037173,-0.009399,-0.001383
-0.03561,-0.008524,-0.001456
-0.03594,-0.008946,-0.001697
-0.032758,-0.009034,-0.001927
-0.03299,-0.009358,-0.002275
-0.031938,-0.008686,-0.001964
-0.032275,-0.009312,-0.002122
-0.022752,-0.008735,-0.001535
-0.051368,-0.007528,-0.001415
-0.046729,-0.007988,-0.002309
-0.047036,-0.007126,-0.00251
-0.047097,-0.007537,-0.002058
-0.047727,-0.007572,-0.002377
-0.045676,-0.00728,-0.002416
-0.045725,-0.008132,-0.001663
-0.046137,-0.008321,-0.002225
-0.046487,-0.007363,-0.002417
-0.044293,-0.007461,-0.002039
-0.042736,-0.007123,-0.001352
-0.042793,-0.007935,-0.001512
-0.042976,-0.007696,-0.002101
-0.043931,-0.008086,-0.002169
-0.041567,-0.00734,-0.001677
-0.04157,-0.007893,-0.002142
-0.041725,-0.007164,-0.001427
-0.040456,-0.007793,-0.002062
-0.038962,-0.007376,-0.001412
-0.039905,-0.00718,-0.001501
-0.038105,-0.007619,-0.001483
-0.036646,-0.007784,-0.002234
-0.036992,-0.007685,-0.001372
-0.035327,-0.007236,-0.002249
-0.03593,-0.007425,-0.001957
-0.033943,-0.007828,-0.002261
-0.033989,-0.007418,-0.001614
-0.034617,-0.007595,-0.001836
-0.033184,-0.007612,-0.00224
-0.031637,-0.008032,-0.001955
-0.02888,-0.007087,-0.001588
-0.027972,-0.007967,-0.002058
-0.05058,-0.006299,-0.001627
-0.050958,-0.005955,-0.001914
-0.049896,-0.006721,-0.001731
-0.047838,-0.00672,-0.001743
-0.048238,-0.006133,-0.0021
-0.04865,-0.005973,-0.00168
-0.047269,-0.006125,-0.002078
-0.047441,-0.005917,-0.00159
-0.045888,-0.006537,-0.001705
-0.046267,-0.006285,-0.002408
-0.044248,-0.005829,-0.001684
-0.044362,-0.006248,-0.002216
-0.044923,-0.007047,-0.001634
-0.043462,-0.006328,-0.002152
-0.043477,-0.006084,-0.001678
-0.041573,-0.00646,-0.001774
-0.042286,-0.005888,-0.001362
-0.042356,-0.006299,-0.002209
-0.040695,-0.006323,-0.00224
-0.041188,-0.005968,-0.001587
-0.039651,-0.007033,-0.00222
-0.03984,-0.006696,-0.001611
-0.040038,-0.006096,-0.001811
-0.038076,-0.006761,-0.001594
-0.038629,-0.006125,-0.002301
-0.036494,-0.006916,-0.001907
-0.036638,-0.005964,-0.001421
-0.036991,-0.006987,-0.001795
-0.037016,-0.00645,-0.002051
-0.035456,-0.006617,-0.001959
-0.035473,-0.005952,-0.002201
-0.033868,-0.006602,-0.001807
-0.033895,-0.006622,-0.001834
-0.033995,-0.006947,-0.002286
-0.034498,-0.006002,-0.001796
-0.034758,-0.006235,-0.002501
-0.032738,-0.00613,-0.001962
-0.032841,-0.006784,-0.001693
-0.031288,-0.005993,-0.002408
-0.031664,-0.006188,-0.001698
-0.031978,-0.007017,-0.002005
-0.032466,-0.00602,-0.002283
-0.030492,-0.006468,-0.002355
-0.031102,-0.006289,-0.001501
-0.027451,-0.006195,-0.00173
-0.027882,-0.007,-0.001432
-0.028284,-0.006639,-0.00241
-0.026425,-0.006093,-0.001939
-0.026735,-0.006442,-0.002145
-0.024877,-0.006588,-0.002012
-0.025833,-0.006306,-0.00156
-0.025989,-0.006447,-0.001975
-0.024211,-0.005864,-0.001687
-0.02112,-0.005818,-0.002488
-0.02168,-0.00653,-0.002086
-0.020528,-0.006064,-0.002073
-0.049054,-0.004896,-0.001953
-0.049542,-0.005103,-0.001595
-0.047868,-0.004996,-0.002385
-0.048324,-0.005544,-0.001907
-0.048421,-0.004832,-0.001568
-0.046922,-0.0057,-0.00141
-0.046968,-0.004818,-0.001472
-0.047079,-0.004558,-0.002212
-0.047116,-0.005249,-0.002334
-0.045419,-0.004708,-0.001432
-0.046233,-0.00546,-0.001461
-0.0444,-0.004706,-0.001496
-0.044546,-0.00536,-0.002289
-0.043434,-0.005336,-0.002107
-0.043616,-0.005134,-0.001825
-0.041799,-0.004994,-0.00159
-0.042045,-0.005498,-0.001999
-0.042646,-0.005034,-0.002123
-0.040467,-0.005292,-0.002373
-0.040475,-0.00478,-0.001648
-0.039204,-0.005699,-0.001511
-0.039416,-0.004649,-0.002016
-0.039547,-0.005229,-0.002345
-0.037993,-0.005269,-0.00237
-0.038641,-0.004802,-0.002528
-0.036534,-0.005519,-0.002221
-0.036901,-0.005212,-0.001609
-0.036928,-0.005164,-0.002312
-0.037179,-0.004894,-0.002381
-0.037483,-0.004559,-0.002353
-0.035053,-0.004641,-0.001887
-0.035178,-0.00453,-0.002305
-0.035732,-0.005165,-0.002349
-0.036216,-0.004701,-0.002298
-0.033988,-0.005047,-0.001489
-0.034899,-0.005158,-0.002426
-0.03289,-0.005032,-0.001866
-0.033418,-0.004779,-0.001704
-0.03352,-0.005227,-0.001674
-0.031512,-0.005057,-0.002245
-0.031984,-0.004547,-0.002594
-0.032001,-0.0054,-0.002227
-0.032443,-0.005176,-0.002114
-0.030003,-0.005706,-0.001643
-0.030015,-0.005214,-0.001757
-0.030658,-0.004836,-0.002626
-0.030704,-0.005637,-0.001591
-0.02867,-0.005599,-0.002028
-0.028671,-0.004896,-0.00228
-0.029461,-0.005407,-0.001965
-0.02768,-0.005017,-0.002267
-0.028131,-0.00502,-0.002303
-0.026349,-0.005341,-0.002181
-0.027235,-0.005481,-0.002049
-0.024847,-0.004918,-0.002294
-0.025161,-0.004557,-0.001948
-0.024377,-0.005213,-0.001813
-0.024515,-0.005502,-0.001411
-0.022444,-0.005268,-0.001929
-0.02282,-0.005176,-0.001464
-0.022837,-0.005666,-0.002057
-0.023285,-0.005706,-0.001403
-0.023317,-0.004983,-0.001656
-0.021226,-0.004707,-0.002546
-0.021606,-0.004939,-0.001603
-0.021638,-0.004651,-0.00229
-0.022132,-0.00509,-0.001983
-0.020147,-0.005653,-0.002108
-0.049518,-0.003362,-0.001619
-0.04971,-0.004024,-0.001874
-0.048146,-0.004429,-0.001739
-0.048767,-0.003451,-0.002244
-0.047437,-0.003801,-0.00207
-0.047714,-0.003395,-0.002184
-0.045372,-0.004256,-0.00217
-0.046205,-0.00434,-0.002139
-0.043979,-0.003551,-0.002176
-0.044259,-0.004155,-0.002249
-0.04458,-0.003254,-0.002136
-0.044749,-0.003709,-0.001443
-0.042939,-0.003282,-0.002379
-0.043265,-0.003651,-0.002238
-0.041522,-0.003877,-0.002293
-0.041592,-0.004386,-0.002282
-0.042268,-0.004424,-0.001441
-0.042364,-0.003604,-0.002337
-0.042615,-0.003788,-0.001521
-0.040151,-0.00326,-0.001787
-0.040794,-0.004501,-0.002303
-0.041172,-0.004086,-0.002341
-0.041375,-0.003379,-0.001518
-0.038875,-0.004214,-0.001526
-0.039976,-0.003551,-0.002368
-0.04002,-0.003985,-0.002054
-0.040029,-0.003613,-0.002333
-0.037757,-0.003343,-0.002193
-0.037759,-0.003398,-0.001715
-0.038805,-0.003591,-0.002561
-0.036639,-0.003473,-0.002251
-0.036683,-0.004325,-0.002432
-0.037341,-0.004206,-0.001444
-0.035399,-0.00339,-0.002013
-0.035722,-0.003812,-0.001848
-0.036283,-0.003928,-0.001703
-0.034256,-0.003255,-0.001717
-0.032601,-0.004133,-0.002164
-0.032822,-0.00342,-0.002163
-0.033115,-0.004435,-0.002364
-0.033128,-0.003941,-0.002311
-0.033343,-0.003333,-0.001584
-0.033619,-0.003957,-0.00146
-0.031361,-0.003842,-0.002342
-0.031362,-0.004265,-0.002324
-0.031811,-0.003767,-0.001567
-0.030064,-0.004324,-0.001366
-0.030717,-0.004332,-0.002306
-0.029081,-0.00449,-0.002051
-0.029267,-0.003896,-0.002002
-0.029644,-0.004021,-0.001357
-0.029727,-0.003479,-0.002248
-0.027412,-0.003806,-0.001531
-0.027983,-0.003284,-0.001522
-0.028005,-0.003469,-0.002497
-0.028249,-0.004019,-0.001421
-0.026594,-0.004287,-0.002122
-0.026941,-0.003583,-0.002299
-0.027273,-0.003886,-0.002141
-0.025414,-0.003866,-0.002233
-0.025597,-0.004415,-0.001982
-0.025656,-0.003394,-0.002346
-0.026087,-0.003996,-0.002389
-0.023817,-0.004418,-0.001586
-0.023987,-0.003584,-0.002037
-0.02278,-0.003807,-0.00181
-0.023132,-0.003292,-0.001519
-0.023335,-0.003748,-0.002158
-0.021178,-0.00393,-0.002533
-0.021535,-0.003922,-0.001611
-0.021799,-0.003674,-0.00251
-0.020475,-0.003804,-0.001834
-0.02065,-0.004431,-0.002539
-0.049069,-0.002592,-0.001404
-0.04989,-0.002663,-0.001987
-0.047824,-0.00306,-0.001601
-0.048503,-0.002034,-0.002264
-0.046853,-0.002486,-0.002028
-0.047103,-0.003219,-0.002189
-0.047638,-0.002547,-0.002085
-0.046338,-0.002633,-0.002127
-0.046366,-0.002112,-0.001958
-0.043977,-0.002548,-0.001876
-0.044445,-0.002513,-0.001545
-0.044828,-0.002642,-0.001414
-0.045125,-0.003065,-0.002101
-0.045153,-0.00261,-0.001733
-0.042675,-0.002266,-0.001428
-0.041403,-0.002731,-0.002536
-0.042026,-0.003197,-0.002346
-0.042171,-0.003138,-0.002299
-0.042209,-0.002422,-0.002
-0.04254,-0.002025,-0.002199
-0.040411,-0.002286,-0.002261
-0.040678,-0.002905,-0.002448
-0.038978,-0.002589,-0.002194
-0.038999,-0.002008,-0.002431
-0.039321,-0.002911,-0.002344
-0.040109,-0.002424,-0.001366
-0.037702,-0.002329,-0.002596
-0.038194,-0.002033,-0.001499
-0.038415,-0.002946,-0.00204
-0.036345,-0.002196,-0.001671
-0.036846,-0.002794,-0.001443
-0.036928,-0.002896,-0.002205
-0.037187,-0.002084,-0.001485
-0.037258,-0.002508,-0.002303
-0.035027,-0.003153,-0.00158
-0.035069,-0.003124,-0.002104
-0.035443,-0.002468,-0.0016
-0.033859,-0.002387,-0.002269
-0.034821,-0.003204,-0.001845
-0.032681,-0.002606,-0.001714
-0.032852,-0.00254,-0.002535
-0.033639,-0.002116,-0.002121
-0.032182,-0.002481,-0.001919
-0.030314,-0.002822,-0.001883
-0.030838,-0.003059,-0.002535
-0.030869,-0.003101,-0.001658
-0.030902,-0.002587,-0.002553
-0.029279,-0.003164,-0.001943
-0.029433,-0.002362,-0.002426
-0.029914,-0.002281,-0.001914
-0.027571,-0.002029,-0.002459
-0.02794,-0.002892,-0.002118
-0.028267,-0.002182,-0.002105
-0.02828,-0.002623,-0.002163
-0.028631,-0.002824,-0.002466
-0.026313,-0.003138,-0.002087
-0.026466,-0.002301,-0.002017
-0.027177,-0.00285,-0.002531
-0.025336,-0.002209,-0.002035
-0.025347,-0.003001,-0.002133
-0.025861,-0.002034,-0.002578
-0.025973,-0.002617,-0.002023
-0.024109,-0.002371,-0.001673
-0.024174,-0.002605,-0.00233
-0.024458,-0.00267,-0.001926
-0.024752,-0.003189,-0.00175
-0.023518,-0.002953,-0.002069
-0.021048,-0.002955,-0.002307
-0.021541,-0.002987,-0.001918
-0.021953,-0.002663,-0.001593
-0.022254,-0.002835,-0.001849
-0.020032,-0.00309,-0.001433
-0.020149,-0.002462,-0.002396
-0.020576,-0.002564,-0.001508
-0.020969,-0.003191,-0.001388
-0.050364,-0.001401,-0.001396
-0.049205,-0.001176,-0.002018
-0.049441,-0.001039,-0.002108
-0.047975,-0.00195,-0.001994
-0.048096,-0.000718,-0.001934
-0.048509,-0.001419,-0.001611
-0.048525,-0.001409,-0.001655
-0.046896,-0.001525,-0.002242
-0.045599,-0.001361,-0.002041
-0.043989,-0.000783,-0.002361
-0.044115,-0.001768,-0.002215
-0.042831,-0.001797,-0.002185
-0.042894,-0.000882,-0.001524
-0.043263,-0.00148,-0.002292
-0.043401,-0.001913,-0.001803
-0.043619,-0.000973,-0.001636
-0.04146,-0.001526,-0.002433
-0.041683,-0.001094,-0.002387
-0.042183,-0.000811,-0.001835
-0.042382,-0.001597,-0.002128
-0.040398,-0.001381,-0.002522
-0.041008,-0.001748,-0.00153
-0.039651,-0.001937,-0.00256
-0.039981,-0.001018,-0.002612
-0.0376,-0.001428,-0.002225
-0.03776,-0.001941,-0.002623
-0.038375,-0.000968,-0.002532
-0.038555,-0.001089,-0.001922
-0.036605,-0.00139,-0.001432
-0.036795,-0.001223,-0.002529
-0.036892,-0.001742,-0.002181
-0.036976,-0.001047,-0.001731
-0.035502,-0.001819,-0.001855
-0.035946,-0.001884,-0.002316
-0.034,-0.000912,-0.00196
-0.034145,-0.001564,-0.00219
-0.034813,-0.001037,-0.001693
-0.032493,-0.001086,-0.001405
-0.032515,-0.001811,-0.002565
-0.033743,-0.000737,-0.002343
-0.031275,-0.0016,-0.002622
-0.031657,-0.001362,-0.002163
-0.032153,-0.001354,-0.002392
-0.032473,-0.001072,-0.001716
-0.030259,-0.000757,-0.001485
-0.030264,-0.001426,-0.002404
-0.030418,-0.001455,-0.001585
-0.03094,-0.001798,-0.001773
-0.03115,-0.000766,-0.00236
-0.029093,-0.001926,-0.002478
-0.029375,-0.001269,-0.001902
-0.029595,-0.001786,-0.00226
-0.027399,-0.001261,-0.002284
-0.027651,-0.000819,-0.002193
-0.027987,-0.001228,-0.001718
-0.0285,-0.001322,-0.002596
-0.028605,-0.001022,-0.00198
-0.026141,-0.001926,-0.00215
-0.026226,-0.001423,-0.002214
-0.026597,-0.001086,-0.002572
-0.027023,-0.000719,-0.001471
-0.024966,-0.001156,-0.002426
-0.025775,-0.001045,-0.001761
-0.023591,-0.001888,-0.00157
-0.024289,-0.001489,-0.002174
-0.022539,-0.001198,-0.001527
-0.022568,-0.001735,-0.002546
-0.023112,-0.000965,-0.002373
-0.021101,-0.000832,-0.00186
-0.021878,-0.001282,-0.002246
-0.022148,-0.001568,-0.001571
-0.020024,-0.001844,-0.001745
-0.020318,-0.001467,-0.001441
-0.020952,-0.001832,-0.002244
-0.0519,0.000197,-0.001403
-0.049309,0.000134,-0.002114
-0.049717,-0.000295,-0.001527
-0.050257,7.9e-05,-0.001373
-0.048225,-0.000283,-0.00212
-0.048402,-8.6e-05,-0.001539
-0.048676,0.00034,-0.001501
-0.046523,-0.000194,-0.002291
-0.046824,0.000554,-0.002126
-0.047164,7.8e-05,-0.001742
-0.047236,-0.000639,-0.001713
-0.047273,-0.000656,-0.002244
-0.045316,0.000178,-0.001921
-0.045508,0.000557,-0.001919
-0.045546,-0.000638,-0.002018
-0.045659,-5.7e-05,-0.001971
-0.046467,0.000406,-0.001736
-0.044182,-0.000495,-0.002111
-0.044542,-6.7e-05,-0.001721
-0.044725,-0.000595,-0.001896
-0.045061,-0.000512,-0.001966
-0.042817,-0.000204,-0.002156
-0.043178,0.00019,-0.001608
-0.043252,-0.000264,-0.001753
-0.043715,0.000283,-0.001691
-0.041452,-0.00064,-0.002055
-0.041708,-0.000184,-0.001369
-0.042345,-0.000113,-0.001451
-0.042541,0.000531,-0.002368
-0.040258,-0.000279,-0.001408
-0.040399,-0.000659,-0.002368
-0.041276,0.000453,-0.00155
-0.041304,6.6e-05,-0.00247
-0.041315,-0.000337,-0.001547
-0.038893,0.000452,-0.002612
-0.039275,0.00017,-0.001563
-0.039454,0.000331,-0.002569
-0.039486,0.00055,-0.001459
-0.039695,-0.000393,-0.00183
-0.039949,-0.00066,-0.002511
-0.040101,-0.000151,-0.002625
-0.03765,-0.000402,-0.002104
-0.037839,0.000398,-0.002607
-0.038278,-0.000678,-0.001706
-0.03731,0.00025,-0.001646
-0.035036,0.000325,-0.002158
-0.03591,-0.000697,-0.002244
-0.03623,-0.000326,-0.001956
-0.034342,-9e-05,-0.002287
-0.034463,0.000484,-0.002189
-0.034989,-0.000633,-0.002127
-0.032596,0.000233,-0.002505
-0.032725,0.000289,-0.001497
-0.033444,0.000193,-0.001689
-0.033554,6.7e-05,-0.002467
-0.033567,-0.00043,-0.002158
-0.032335,-0.000548,-0.002499
-0.032338,-0.000151,-0.001667
-0.032345,-0.000138,-0.002475
-0.032425,0.000271,-0.001405
-0.030092,0.0005,-0.001547
-0.030261,-3.4e-05,-0.001968
-0.030672,0.000107,-0.001889
-0.028831,-0.000388,-0.002566
-0.028836,0.000336,-0.002507
-0.029355,-0.000343,-0.002573
-0.029685,-0.000503,-0.002413
-0.02759,-0.000301,-0.002305
-0.027968,-0.0001,-0.001464
-0.028487,0.000106,-0.001587
-0.026998,2.4e-05,-0.001965
-0.027102,0.000347,-0.002563
-0.027257,-0.000277,-0.002546
-0.024991,0.000357,-0.002286
-0.025683,-0.000501,-0.002381
-0.025906,9.6e-05,-0.002282
-0.024122,-4e-05,-0.00202
-0.022635,0.000285,-0.002424
-0.022723,-0.00012,-0.001556
-0.022916,2.5e-05,-0.002535
-0.023335,-0.000552,-0.001472
-0.021416,-0.000199,-0.001431
-0.020173,1e-06,-0.00169
-0.020802,3.1e-05,-0.001391
-0.020827,-0.000646,-0.001862
-0.020971,0.000502,-0.001984
-0.051946,0.001414,-0.001485
-0.04943,0.000949,-0.00146
-0.050251,0.000945,-0.001911
-0.04785,0.001193,-0.002149
-0.047865,0.000695,-0.001899
-0.048035,0.001567,-0.002332
-0.048628,0.00148,-0.002188
-0.048674,0.001468,-0.001577
-0.046732,0.001762,-0.002307
-0.047079,0.001263,-0.002269
-0.046392,0.001065,-0.002311
-0.044366,0.001404,-0.002032
-0.044424,0.000888,-0.002139
-0.044518,0.0018,-0.001896
-0.043169,0.001404,-0.001736
-0.043475,0.000977,-0.002244
-0.043926,0.000844,-0.002199
-0.041464,0.001416,-0.00242
-0.041853,0.00066,-0.002319
-0.042002,0.001425,-0.002246
-0.042247,0.001234,-0.002538
-0.042526,0.001623,-0.002227
-0.042588,0.000813,-0.002361
-0.04019,0.001125,-0.001632
-0.040209,0.00177,-0.002234
-0.04088,0.001275,-0.002512
-0.041356,0.00083,-0.002606
-0.039796,0.000579,-0.002581
-0.039887,0.001291,-0.001978
-0.037895,0.00107,-0.002521
-0.038212,0.00069,-0.001786
-0.038215,0.001353,-0.001451
-0.038463,0.001575,-0.001437
-0.036706,0.001725,-0.001432
-0.037032,0.000891,-0.001967
-0.037145,0.001326,-0.001899
-0.037202,0.001804,-0.002595
-0.037282,0.000864,-0.002608
-0.035422,0.001309,-0.002203
-0.03585,0.000962,-0.001805
-0.033927,0.001743,-0.002083
-0.034149,0.001112,-0.001408
-0.034286,0.001624,-0.001831
-0.032562,0.001496,-0.001433
-0.032754,0.001298,-0.00258
-0.032845,0.000911,-0.002548
-0.033298,0.001468,-0.002403
-0.033548,0.001778,-0.002227
-0.03359,0.001172,-0.002437
-0.031464,0.000879,-0.00254
-0.031722,0.001093,-0.001439
-0.032136,0.001634,-0.002453
-0.032237,0.001654,-0.001495
-0.032255,0.001263,-0.002449
-0.032441,0.000837,-0.002535
-0.029943,0.001575,-0.002255
-0.030415,0.000659,-0.002397
-0.030552,0.001498,-0.001817
-0.030949,0.000964,-0.002297
-0.029354,0.001521,-0.001391
-0.029449,0.000833,-0.002458
-0.029529,0.001227,-0.002602
-0.027612,0.001689,-0.002503
-0.02771,0.000756,-0.002198
-0.028275,0.001749,-0.002331
-0.028372,0.001368,-0.001788
-0.026198,0.001323,-0.002479
-0.026842,0.000709,-0.002019
-0.027045,0.001222,-0.002401
-0.024942,0.001373,-0.002054
-0.025344,0.000993,-0.00163
-0.025348,0.000638,-0.001549
-0.025477,0.001684,-0.002416
-0.025919,0.000687,-0.002253
-0.024283,0.001258,-0.002304
-0.022569,0.001282,-0.001693
-0.023019,0.001492,-0.00145
-0.023205,0.001195,-0.002415
-0.021677,0.001678,-0.002223
-0.021786,0.001165,-0.001602
-0.022187,0.001675,-0.00136
-0.020834,0.001202,-0.001686
-0.020842,0.001524,-0.001892
-0.052952,0.001929,-0.001711
-0.050468,0.001952,-0.001409
-0.049054,0.002342,-0.001377
-0.049305,0.002129,-0.001866
-0.049434,0.002754,-0.002025
-0.049492,0.002781,-0.001465
-0.047826,0.002127,-0.001399
-0.048255,0.002676,-0.002341
-0.046941,0.002546,-0.002173
-0.047359,0.002591,-0.002174
-0.047467,0.002827,-0.001676
-0.047717,0.002197,-0.001894
-0.045699,0.003094,-0.002243
-0.04588,0.002602,-0.001955
-0.04616,0.002342,-0.001671
-0.046315,0.002629,-0.002107
-0.046366,0.00312,-0.002012
-0.044003,0.002972,-0.002237
-0.044294,0.002419,-0.002267
-0.044707,0.00264,-0.001429
-0.044956,0.001962,-0.001896
-0.042872,0.002127,-0.002249
-0.042975,0.002449,-0.002175
-0.043217,0.001939,-0.00185
-0.043788,0.002155,-0.001762
-0.04162,0.003021,-0.002527
-0.041921,0.001987,-0.001366
-0.041953,0.002554,-0.002541
-0.042228,0.002556,-0.002558
-0.040543,0.00292,-0.002476
-0.040548,0.002164,-0.002221
-0.041063,0.002043,-0.002578
-0.041132,0.002921,-0.00215
-0.039038,0.002629,-0.002601
-0.039349,0.002017,-0.0023
-0.03966,0.002057,-0.002254
-0.040008,0.00233,-0.001387
-0.037966,0.002324,-0.002576
-0.038279,0.003048,-0.002257
-0.038303,0.002692,-0.002522
-0.038363,0.002269,-0.002494
-0.038617,0.001902,-0.001657
-0.036855,0.003099,-0.001526
-0.037309,0.002225,-0.001636
-0.037439,0.002598,-0.00199
-0.037561,0.00245,-0.002601
-0.03619,0.00223,-0.002439
-0.03472,0.002781,-0.002399
-0.032632,0.002418,-0.00139
-0.033199,0.002883,-0.002286
-0.033541,0.002918,-0.002008
-0.031545,0.002902,-0.001975
-0.032462,0.002592,-0.001367
-0.029951,0.002642,-0.002337
-0.030521,0.002809,-0.002422
-0.030747,0.002282,-0.001546
-0.030786,0.002975,-0.002015
-0.029267,0.002398,-0.001354
-0.028132,0.002414,-0.001816
-0.028578,0.002992,-0.002243
-0.026623,0.00243,-0.00161
-0.026633,0.002749,-0.002101
-0.026724,0.001879,-0.001609
-0.027146,0.002214,-0.00233
-0.025175,0.002487,-0.002306
-0.025415,0.002423,-0.00188
-0.025754,0.002893,-0.001737
-0.026048,0.001962,-0.001685
-0.02396,0.002886,-0.002065
-0.024296,0.003071,-0.002152
-0.022364,0.002524,-0.001354
-0.022562,0.002786,-0.00143
-0.022597,0.00192,-0.001453
-0.022601,0.003066,-0.001378
-0.022902,0.002524,-0.00228
-0.022904,0.001967,-0.00242
-0.021115,0.002362,-0.001859
-0.021313,0.001932,-0.001906
-0.021714,0.002793,-0.002514
-0.021848,0.003119,-0.001983
-0.021921,0.002916,-0.002488
-0.020144,0.002871,-0.001447
-0.020234,0.001975,-0.002371
-0.020987,0.002956,-0.001803
-0.051693,0.003525,-0.001904
-0.049157,0.004352,-0.001899
-0.049266,0.003652,-0.001672
-0.048343,0.003841,-0.002133
-0.048928,0.003132,-0.001477
-0.047346,0.003661,-0.001808
-0.047599,0.003732,-0.001393
-0.046055,0.003911,-0.001464
-0.046122,0.004016,-0.001839
-0.046228,0.00427,-0.001988
-0.044532,0.003415,-0.002194
-0.043313,0.003692,-0.002003
-0.043315,0.003698,-0.002003
-0.043385,0.0035,-0.001469
-0.043757,0.00326,-0.002086
-0.043769,0.004367,-0.002306
-0.041455,0.004206,-0.002207
-0.041752,0.003581,-0.002531
-0.041798,0.004147,-0.002024
-0.042317,0.003499,-0.002165
-0.042543,0.003547,-0.001769
-0.042635,0.003958,-0.002126
-0.040715,0.003917,-0.002519
-0.040895,0.003394,-0.00145
-0.041016,0.003626,-0.00211
-0.039464,0.003776,-0.002081
-0.039678,0.003506,-0.002254
-0.039694,0.003557,-0.001658
-0.038034,0.003546,-0.002372
-0.038305,0.003922,-0.002515
-0.03846,0.003318,-0.002322
-0.038816,0.00412,-0.002536
-0.036337,0.004312,-0.002541
-0.036681,0.003696,-0.001366
-0.036702,0.004295,-0.002346
-0.037204,0.003729,-0.001578
-0.035386,0.003848,-0.002406
-0.036218,0.003276,-0.00137
-0.033923,0.003328,-0.002156
-0.034715,0.00346,-0.001553
-0.032654,0.003887,-0.002494
-0.033731,0.004306,-0.002125
-0.031239,0.00403,-0.001428
-0.031885,0.003284,-0.001389
-0.032151,0.003233,-0.001919
-0.032336,0.003491,-0.001445
-0.030242,0.004067,-0.002595
-0.028998,0.003579,-0.002509
-0.02942,0.003988,-0.001556
-0.029569,0.003591,-0.001561
-0.02749,0.003433,-0.001907
-0.028066,0.003343,-0.001887
-0.026133,0.004072,-0.002354
-0.026133,0.003908,-0.001932
-0.026316,0.003287,-0.002509
-0.026704,0.003273,-0.001893
-0.024901,0.003406,-0.001886
-0.025479,0.003437,-0.001608
-0.025957,0.003666,-0.002396
-0.024147,0.004225,-0.001961
-0.02468,0.003633,-0.001411
-0.023097,0.004251,-0.002183
-0.023498,0.003992,-0.002295
-0.021558,0.00401,-0.001866
-0.02166,0.003321,-0.002484
-0.021705,0.003511,-0.001899
-0.022197,0.003256,-0.002407
-0.02002,0.00439,-0.001833
-0.020183,0.003228,-0.001521
-0.020573,0.003561,-0.001653
-0.051977,0.005136,-0.001518
-0.0507,0.004783,-0.001637
-0.049593,0.004821,-0.001633
-0.048517,0.004448,-0.001855
-0.046664,0.004412,-0.001972
-0.047295,0.005172,-0.002139
-0.047374,0.005087,-0.002043
-0.047557,0.004432,-0.002299
-0.045726,0.00527,-0.001887
-0.045963,0.005055,-0.001451
-0.044647,0.004417,-0.002245
-0.044918,0.005204,-0.001751
-0.042825,0.005554,-0.001708
-0.043147,0.005412,-0.001975
-0.043255,0.005183,-0.001923
-0.043724,0.004422,-0.001784
-0.043733,0.005524,-0.002239
-0.041588,0.004582,-0.002067
-0.042291,0.005527,-0.001874
-0.040161,0.00444,-0.002413
-0.040441,0.005363,-0.002059
-0.040667,0.005619,-0.001678
-0.040899,0.004863,-0.002324
-0.041178,0.005391,-0.00217
-0.041212,0.005238,-0.002163
-0.038977,0.004654,-0.002581
-0.039515,0.004546,-0.001732
-0.039822,0.005615,-0.002187
-0.039963,0.004999,-0.001658
-0.037706,0.005333,-0.002489
-0.037996,0.005649,-0.002488
-0.038409,0.004913,-0.002431
-0.03846,0.005581,-0.002325
-0.038623,0.004645,-0.002558
-0.036918,0.005352,-0.002494
-0.037179,0.005546,-0.002147
-0.037529,0.004621,-0.001722
-0.03566,0.005239,-0.002507
-0.035993,0.005595,-0.001786
-0.03617,0.005338,-0.00212
-0.034035,0.005072,-0.002121
-0.034692,0.005123,-0.002183
-0.032611,0.004878,-0.002271
-0.031258,0.005069,-0.001846
-0.03159,0.005505,-0.002584
-0.031824,0.004491,-0.002168
-0.03199,0.005007,-0.002431
-0.030053,0.005594,-0.001955
-0.030773,0.004418,-0.001484
-0.03079,0.005519,-0.001382
-0.028665,0.004788,-0.001505
-0.029716,0.004546,-0.001934
-0.029912,0.004625,-0.001661
-0.027467,0.005102,-0.001433
-0.02789,0.005502,-0.001755
-0.027987,0.00464,-0.001867
-0.02846,0.004934,-0.001956
-0.026106,0.004518,-0.002569
-0.026335,0.005349,-0.00234
-0.026764,0.004692,-0.001685
-0.025018,0.0048,-0.00233
-0.02577,0.004911,-0.002569
-0.024418,0.004653,-0.002128
-0.02478,0.00552,-0.002218
-0.022597,0.005001,-0.002031
-0.0214,0.005469,-0.00139
-0.021551,0.004914,-0.002552
-0.022028,0.004667,-0.002431
-0.02035,0.004482,-0.002304
-0.048092,0.006096,-0.001634
-0.048639,0.005698,-0.001976
-0.046764,0.006582,-0.001725
-0.04686,0.00579,-0.001982
-0.047036,0.006154,-0.002289
-0.047201,0.00586,-0.001707
-0.045821,0.006011,-0.00143
-0.045973,0.006837,-0.001556
-0.042688,0.006645,-0.002236
-0.043631,0.006722,-0.001877
-0.043699,0.005976,-0.002077
-0.04163,0.005856,-0.002018
-0.04245,0.005685,-0.002245
-0.040537,0.006303,-0.002325
-0.04093,0.006674,-0.001718
-0.041194,0.006948,-0.001816
-0.039164,0.006452,-0.002043
-0.039252,0.005749,-0.00228
-0.039693,0.005894,-0.00225
-0.03971,0.006179,-0.001563
-0.039971,0.006836,-0.002385
-0.037705,0.006918,-0.002611
-0.038231,0.00668,-0.002253
-0.038431,0.006107,-0.002212
-0.038432,0.006696,-0.002208
-0.036325,0.006722,-0.002387
-0.036757,0.006454,-0.002595
-0.037314,0.005793,-0.00235
-0.035558,0.006876,-0.001799
-0.035851,0.005693,-0.00149
-0.036088,0.006576,-0.001664
-0.033845,0.005701,-0.001351
-0.034127,0.006256,-0.002282
-0.034623,0.005719,-0.00142
-0.034652,0.006627,-0.002175
-0.032626,0.006192,-0.001431
-0.033075,0.00602,-0.001979
-0.033553,0.006906,-0.001771
-0.031305,0.006072,-0.002334
-0.032269,0.006563,-0.001407
-0.032337,0.006774,-0.002218
-0.030023,0.005791,-0.001469
-0.030523,0.006022,-0.001515
-0.02868,0.005859,-0.002172
-0.029377,0.005695,-0.002273
-0.029491,0.00667,-0.001729
-0.027686,0.006,-0.00207
-0.028022,0.006745,-0.001881
-0.02861,0.006013,-0.001361
-0.026208,0.006726,-0.002583
-0.026335,0.005872,-0.001985
-0.027344,0.006624,-0.002491
-0.02502,0.006807,-0.00217
-0.025619,0.006739,-0.002064
-0.025771,0.005854,-0.002605
-0.026051,0.006039,-0.002581
-0.024087,0.006397,-0.001689
-0.024388,0.005808,-0.002089
-0.024644,0.006417,-0.002442
-0.024785,0.005913,-0.002135
-0.02311,0.006094,-0.001627
-0.023125,0.006691,-0.002074
-0.023441,0.006284,-0.001967
-0.021328,0.006252,-0.00233
-0.021392,0.006021,-0.002322
-0.021663,0.005875,-0.001388
-0.020111,0.006586,-0.001568
-0.020257,0.005727,-0.001596
-0.020374,0.005874,-0.002587
-0.020602,0.006723,-0.002443
-0.049442,0.00708,-0.001574
-0.047786,0.007659,-0.001971
-0.048384,0.007447,-0.001372
-0.045308,0.007353,-0.002136
-0.045336,0.007311,-0.002146
-0.046461,0.007818,-0.002081
-0.044619,0.007981,-0.001768
-0.044838,0.006991,-0.001965
-0.04497,0.008218,-0.002106
-0.043157,0.007713,-0.002104
-0.043934,0.007472,-0.002283
-0.041718,0.008,-0.001588
-0.042469,0.007713,-0.002058
-0.041163,0.00821,-0.001911
-0.039347,0.007374,-0.002231
-0.037996,0.00815,-0.002587
-0.038033,0.007806,-0.001992
-0.038554,0.007409,-0.002316
-0.038645,0.007054,-0.002263
-0.038687,0.008143,-0.001723
-0.036433,0.007829,-0.002477
-0.036743,0.007172,-0.001382
-0.036813,0.00797,-0.001696
-0.037063,0.008011,-0.002048
-0.037096,0.007219,-0.002566
-0.035086,0.006956,-0.001562
-0.035121,0.007806,-0.002456
-0.035142,0.00819,-0.001419
-0.035434,0.007455,-0.002493
-0.03602,0.007077,-0.002377
-0.036064,0.007439,-0.001491
-0.034468,0.007403,-0.002078
-0.032606,0.007352,-0.00182
-0.03294,0.007199,-0.001352
-0.033182,0.007432,-0.002234
-0.033464,0.007898,-0.001371
-0.032045,0.007993,-0.002205
-0.032367,0.007642,-0.001418
-0.029969,0.007201,-0.001365
-0.030038,0.007762,-0.002128
-0.030097,0.00714,-0.002074
-0.031127,0.007166,-0.001577
-0.029819,0.007857,-0.002606
-0.027702,0.007254,-0.001513
-0.026736,0.007957,-0.001739
-0.027008,0.007482,-0.002261
-0.024944,0.00782,-0.001967
-0.025478,0.007196,-0.002568
-0.025528,0.007812,-0.002166
-0.02609,0.007208,-0.001482
-0.023713,0.007831,-0.002413
-0.023891,0.007152,-0.002131
-0.023899,0.007973,-0.001828
-0.022509,0.007516,-0.002107
-0.023431,0.007562,-0.001427
-0.021054,0.006976,-0.002052
-0.021174,0.008098,-0.001842
-0.021389,0.00769,-0.00142
-0.021965,0.008065,-0.001423
-0.022167,0.008153,-0.001711
-0.020252,0.007097,-0.002566
-0.020264,0.007837,-0.001357
-0.020557,0.007052,-0.001382
-0.048174,0.009026,-0.001618
-0.046929,0.009299,-0.001758
-0.047038,0.00829,-0.001507
-0.045742,0.009052,-0.001918
-0.044475,0.008861,-0.002118
-0.044989,0.008916,-0.001528
-0.043,0.009472,-0.002081
-0.043126,0.008872,-0.001633
-0.04314,0.009125,-0.002094
-0.043788,0.009087,-0.001849
-0.043802,0.008575,-0.001523
-0.041839,0.008918,-0.001768
-0.041859,0.009294,-0.001572
-0.042439,0.009306,-0.001579
-0.040381,0.008676,-0.001586
-0.040734,0.009024,-0.001824
-0.039095,0.008549,-0.002139
-0.039236,0.009361,-0.001534
-0.040066,0.009104,-0.002001
-0.040111,0.008408,-0.001612
-0.03833,0.009126,-0.001436
-0.038333,0.009123,-0.00144
-0.036508,0.008655,-0.002524
-0.037162,0.00846,-0.001531
-0.035482,0.00848,-0.002175
-0.035616,0.009091,-0.00245
-0.035665,0.008271,-0.001351
-0.036124,0.008417,-0.001675
-0.034453,0.008287,-0.002509
-0.03478,0.009413,-0.001771
-0.032591,0.009167,-0.001998
-0.032726,0.00862,-0.002016
-0.033203,0.008948,-0.002532
-0.033704,0.009153,-0.001884
-0.031264,0.008314,-0.001359
-0.031368,0.008356,-0.001712
-0.032047,0.00909,-0.002064
-0.032295,0.009399,-0.002479
-0.030083,0.009154,-0.001674
-0.030728,0.008704,-0.002086
-0.02879,0.008938,-0.002463
-0.029107,0.008296,-0.001924
-0.027923,0.008264,-0.001483
-0.027925,0.009099,-0.002564
-0.028314,0.008979,-0.002013
-0.026438,0.0089,-0.001615
-0.027275,0.009366,-0.002456
-0.02488,0.008915,-0.00262
-0.023759,0.009498,-0.001485
-0.024132,0.008968,-0.001417
-0.024565,0.008357,-0.001938
-0.022547,0.008871,-0.00193
-0.023091,0.008266,-0.001748
-0.023396,0.008634,-0.002324
-0.021841,0.008813,-0.001737
-0.045792,0.010247,-0.001633
-0.045927,0.009835,-0.001637
-0.044307,0.009976,-0.002001
-0.041645,0.010217,-0.001768
-0.041949,0.009856,-0.002184
-0.04055,0.010705,-0.001412
-0.041142,0.010519,-0.001527
-0.039224,0.010137,-0.002021
-0.039441,0.009906,-0.001685
-0.039535,0.010581,-0.001674
-0.03966,0.010753,-0.002106
-0.038658,0.010566,-0.001396
-0.036467,0.010279,-0.002058
-0.036936,0.010312,-0.001883
-0.035516,0.00994,-0.002248
-0.033787,0.010235,-0.002215
-0.034233,0.010707,-0.002228
-0.034423,0.010108,-0.002283
-0.034684,0.010657,-0.001531
-0.034887,0.009724,-0.002032
-0.032934,0.010057,-0.002093
-0.033266,0.010212,-0.002374
-0.033439,0.010074,-0.001425
-0.031441,0.009572,-0.001985
-0.032172,0.010148,-0.00178
-0.032412,0.010634,-0.00221
-0.030741,0.010057,-0.002058
-0.030817,0.009569,-0.001807
-0.029415,0.009926,-0.002099
-0.02738,0.010136,-0.002336
-0.02615,0.010646,-0.001732
-0.026555,0.010416,-0.002345
-0.026806,0.009709,-0.001841
-0.025064,0.010272,-0.002556
-0.025073,0.009613,-0.00182
-0.025682,0.010111,-0.00225
-0.02588,0.009817,-0.001773
-0.023864,0.010431,-0.002573
-0.024218,0.010077,-0.00246
-0.024523,0.010305,-0.00212
-0.024565,0.009995,-0.001507
-0.022301,0.009507,-0.001685
-0.022305,0.009902,-0.002476
-0.022749,0.010563,-0.001883
-0.023206,0.010737,-0.002524
-0.023357,0.010246,-0.001817
-0.023416,0.009862,-0.002289
-0.021538,0.010259,-0.001912
-0.021605,0.010709,-0.002188
-0.020084,0.010507,-0.001525
-0.020338,0.00952,-0.002139
-0.020584,0.010593,-0.001928
-0.020995,0.010727,-0.00218
-0.046817,0.010945,-0.002165
-0.045155,0.011555,-0.001582
-0.043282,0.011291,-0.001588
-0.041552,0.010812,-0.002339
-0.04254,0.010873,-0.001544
-0.04066,0.011371,-0.002225
-0.038912,0.011767,-0.002326
-0.038284,0.010953,-0.002115
-0.038479,0.011552,-0.001498
-0.036409,0.010998,-0.002098
-0.036459,0.010956,-0.001391
-0.037141,0.011332,-0.00145
-0.035577,0.011145,-0.001706
-0.033072,0.011483,-0.001452
-0.030369,0.011311,-0.001896
-0.020288,0.010917,-0.001811
-0.044231,0.012861,-0.001702
-0.039453,0.01244,-0.001415
-0.045676,0.013382,-0.001763
-0.037979,-0.011175,-0.000948
-0.047007,-0.009719,-0.001264
-0.045441,-0.010028,-0.001188
-0.042261,-0.009918,-0.001203
-0.04069,-0.009929,-0.00116
-0.039594,-0.009842,-0.001243
-0.038231,-0.009946,-0.001246
-0.036494,-0.009985,-0.000518
-0.034366,-0.009952,-0.001135
-0.047892,-0.008636,-0.001076
-0.046811,-0.008517,-0.001137
-0.043598,-0.009522,-0.001135
-0.043929,-0.008424,-0.000981
-0.04263,-0.008837,-0.00132
-0.04138,-0.009462,-0.00124
-0.039856,-0.008386,-0.000942
-0.038264,-0.008628,-0.000948
-0.036482,-0.009564,-0.001234
-0.036829,-0.008719,-0.00128
-0.035028,-0.008702,-0.001089
-0.034075,-0.008526,-0.001182
-0.033089,-0.008548,-0.001288
-0.031412,-0.008936,-0.001063
-0.031938,-0.009085,-0.00128
-0.032398,-0.008606,-0.001283
-0.031115,-0.008551,-0.001262
-0.050254,-0.007667,-0.001301
-0.048514,-0.007725,-0.001027
-0.048966,-0.007829,-0.001006
-0.047627,-0.008177,-0.001124
-0.045629,-0.008267,-0.000958
-0.044678,-0.008183,-0.001301
-0.043906,-0.007268,-0.001183
-0.042356,-0.007991,-0.000627
-0.040333,-0.00823,-0.000764
-0.040959,-0.00819,-0.000621
-0.038035,-0.007245,-0.001334
-0.035347,-0.007137,-0.001162
-0.036023,-0.008292,-0.001186
-0.033859,-0.008276,-0.001311
-0.032846,-0.007918,-0.001058
-0.031302,-0.007312,-0.000932
-0.032213,-0.007295,-0.001198
-0.028693,-0.007584,-0.001304
-0.029665,-0.007854,-0.001116
-0.029819,-0.00749,-0.00129
-0.026844,-0.007309,-0.001217
-0.027372,-0.007659,-0.001202
-0.025922,-0.00717,-0.000991
-0.021397,-0.00773,-0.001128
-0.022254,-0.007437,-0.001145
-0.051798,-0.006498,-0.001343
-0.049255,-0.006096,-0.001223
-0.049324,-0.00704,-0.000808
-0.047933,-0.006703,-0.001117
-0.046671,-0.006639,-0.000993
-0.045457,-0.007028,-0.001185
-0.045704,-0.005952,-0.001171
-0.046244,-0.00691,-0.000963
-0.044132,-0.006881,-0.000795
-0.045039,-0.006354,-0.001216
-0.04295,-0.006676,-0.001336
-0.041757,-0.005878,-0.001071
-0.040734,-0.007025,-0.001239
-0.040816,-0.005815,-0.001133
-0.038967,-0.005914,-0.001137
-0.039198,-0.00699,-0.001084
-0.037828,-0.006113,-0.000882
-0.037358,-0.006304,-0.001023
-0.035193,-0.005835,-0.000836
-0.03615,-0.00679,-0.001158
-0.034954,-0.00676,-0.000961
-0.032598,-0.00626,-0.001131
-0.033407,-0.006005,-0.001012
-0.030534,-0.006603,-0.001018
-0.031006,-0.006799,-0.000976
-0.02985,-0.006022,-0.001066
-0.025369,-0.00633,-0.001218
-0.023648,-0.006489,-0.001152
-0.024137,-0.00669,-0.001123
-0.024728,-0.006891,-0.001057
-0.022379,-0.00595,-0.001243
-0.022886,-0.006433,-0.000918
-0.021108,-0.006263,-0.001024
-0.021508,-0.006372,-0.001201
-0.022069,-0.006213,-0.001057
-0.020386,-0.006071,-0.00113
-0.020756,-0.006139,-0.001208
-0.05046,-0.004692,-0.001035
-0.050626,-0.005492,-0.001255
-0.051096,-0.004629,-0.001265
-0.049405,-0.005752,-0.000782
-0.046811,-0.004907,-0.000901
-0.045283,-0.004651,-0.001046
-0.045918,-0.005223,-0.000886
-0.044795,-0.005544,-0.000864
-0.042923,-0.004808,-0.0011
-0.043176,-0.005718,-0.001135
-0.0438,-0.004893,-0.001193
-0.041731,-0.005328,-0.001049
-0.042115,-0.004949,-0.000941
-0.040376,-0.005343,-0.001164
-0.039069,-0.00465,-0.001317
-0.039958,-0.005412,-0.001259
-0.037978,-0.004997,-0.000983
-0.038153,-0.005472,-0.001146
-0.038349,-0.004603,-0.001073
-0.038837,-0.005543,-0.00122
-0.036318,-0.005597,-0.00083
-0.03714,-0.004922,-0.001133
-0.035336,-0.004728,-0.000762
-0.0357,-0.004745,-0.001117
-0.035939,-0.004837,-0.000727
-0.03465,-0.005177,-0.000924
-0.033224,-0.005013,-0.000887
-0.031609,-0.004991,-0.001207
-0.031777,-0.005333,-0.001328
-0.031101,-0.004571,-0.001274
-0.028794,-0.005491,-0.000951
-0.029836,-0.005297,-0.001141
-0.027385,-0.00549,-0.000845
-0.028121,-0.00478,-0.001182
-0.027139,-0.004782,-0.00114
-0.025884,-0.005226,-0.001228
-0.02452,-0.005072,-0.000809
-0.021651,-0.004657,-0.001134
-0.020399,-0.00472,-0.001269
-0.020772,-0.005275,-0.000939
-0.050917,-0.003769,-0.00116
-0.049576,-0.003261,-0.000896
-0.049715,-0.004408,-0.001124
-0.048364,-0.003986,-0.001265
-0.046896,-0.004032,-0.001175
-0.047223,-0.003359,-0.001073
-0.047544,-0.004236,-0.001159
-0.045704,-0.003405,-0.000613
-0.045909,-0.00357,-0.001155
-0.046426,-0.004264,-0.001152
-0.044954,-0.00363,-0.001174
-0.042832,-0.004113,-0.000974
-0.043337,-0.004457,-0.001275
-0.043729,-0.003419,-0.001171
-0.043825,-0.003903,-0.000962
-0.041642,-0.003497,-0.000814
-0.041938,-0.003431,-0.000762
-0.042051,-0.00418,-0.000604
-0.042547,-0.003257,-0.000747
-0.0403,-0.004131,-0.000907
-0.040885,-0.004388,-0.001092
-0.041018,-0.004328,-0.000797
-0.041079,-0.003574,-0.00129
-0.038873,-0.003269,-0.000653
-0.039124,-0.003314,-0.000951
-0.039357,-0.004373,-0.001185
-0.039755,-0.003943,-0.001103
-0.038138,-0.003727,-0.000752
-0.038746,-0.004054,-0.000705
-0.036438,-0.003964,-0.00104
-0.036731,-0.003276,-0.001143
-0.03709,-0.00386,-0.000772
-0.03745,-0.003484,-0.000994
-0.035661,-0.003561,-0.00107
-0.034105,-0.003544,-0.001169
-0.034521,-0.003942,-0.001081
-0.034697,-0.004303,-0.001345
-0.034814,-0.003302,-0.00084
-0.032752,-0.003622,-0.001002
-0.032969,-0.004489,-0.000916
-0.031355,-0.004079,-0.0013
-0.032347,-0.004272,-0.00122
-0.030815,-0.003699,-0.001334
-0.029344,-0.003699,-0.000972
-0.026254,-0.003687,-0.000911
-0.026384,-0.004513,-0.000884
-0.0252,-0.003564,-0.001319
-0.025281,-0.004459,-0.00117
-0.023824,-0.004273,-0.001179
-0.024205,-0.003258,-0.001036
-0.023165,-0.00392,-0.00125
-0.02209,-0.003863,-0.00106
-0.020164,-0.003321,-0.001066
-0.020944,-0.004307,-0.001238
-0.050464,-0.002126,-0.000975
-0.051022,-0.002937,-0.001267
-0.049824,-0.002442,-0.000979
-0.048419,-0.00227,-0.001247
-0.04694,-0.002713,-0.001089
-0.047446,-0.002512,-0.000931
-0.047642,-0.002067,-0.001243
-0.046092,-0.002831,-0.001085
-0.046436,-0.002171,-0.001002
-0.044655,-0.002011,-0.001112
-0.045199,-0.002019,-0.001128
-0.042918,-0.002942,-0.00128
-0.043193,-0.002417,-0.001089
-0.043449,-0.002157,-0.000537
-0.043848,-0.003065,-0.000838
-0.041568,-0.002462,-0.001042
-0.041715,-0.002062,-0.001051
-0.042055,-0.002336,-0.000574
-0.040401,-0.002386,-0.000945
-0.040625,-0.003085,-0.000875
-0.041289,-0.002928,-0.000922
-0.038884,-0.002247,-0.000879
-0.039022,-0.002347,-0.00134
-0.039566,-0.003202,-0.000809
-0.039786,-0.002361,-0.001089
-0.039959,-0.003089,-0.000954
-0.038136,-0.002154,-0.00108
-0.038304,-0.003045,-0.001234
-0.036331,-0.002646,-0.000701
-0.037208,-0.002447,-0.00103
-0.035863,-0.002039,-0.001269
-0.036234,-0.003046,-0.001327
-0.033788,-0.002008,-0.00105
-0.034112,-0.002877,-0.001242
-0.034405,-0.00202,-0.001226
-0.034803,-0.002799,-0.000412
-0.034872,-0.002536,-0.001285
-0.034985,-0.002221,-0.000702
-0.032804,-0.002768,-0.001136
-0.033015,-0.003089,-0.000859
-0.031445,-0.002998,-0.001336
-0.031927,-0.002612,-0.001181
-0.032134,-0.002737,-0.000927
-0.030307,-0.00291,-0.001108
-0.028711,-0.002185,-0.001067
-0.029027,-0.002802,-0.001062
-0.029858,-0.002422,-0.001025
-0.027547,-0.002348,-0.001228
-0.026893,-0.002565,-0.00101
-0.025665,-0.002251,-0.000818
-0.025985,-0.002365,-0.000933
-0.023604,-0.002287,-0.001023
-0.024784,-0.003004,-0.000604
-0.023022,-0.002624,-0.000851
-0.021779,-0.002597,-0.001073
-0.020981,-0.002119,-0.001152
-0.0512,-0.001299,-0.00115
-0.049353,-0.000877,-0.001003
-0.049433,-0.001305,-0.000771
-0.047347,-0.001313,-0.000994
-0.047528,-0.000953,-0.001033
-0.045407,-0.001565,-0.001223
-0.045675,-0.001036,-0.001075
-0.046334,-0.001411,-0.001206
-0.044155,-0.001509,-0.001069
-0.044272,-0.000883,-0.000707
-0.04428,-0.000809,-0.000345
-0.044891,-0.000827,-0.001347
-0.04281,-0.00122,-0.000682
-0.04316,-0.001206,-0.000331
-0.043651,-0.000854,-0.000525
-0.041939,-0.001175,-0.000744
-0.04194,-0.001544,-0.00102
-0.042391,-0.001491,-0.001256
-0.040235,-0.001373,-0.001057
-0.040654,-0.001676,-0.001137
-0.040686,-0.000813,-0.001295
-0.041112,-0.001926,-0.00091
-0.041112,-0.001253,-0.000174
-0.041398,-0.000828,-0.00101
-0.038997,-0.001559,-0.001088
-0.039162,-0.00098,-0.001256
-0.039269,-0.001362,-0.001092
-0.039558,-0.00163,-0.001001
-0.039781,-0.00163,-0.000423
-0.038162,-0.0008,-0.000775
-0.038196,-0.001278,-0.001084
-0.036851,-0.00186,-0.000785
-0.037375,-0.001272,-0.001187
-0.035265,-0.001666,-0.000935
-0.035533,-0.000958,-0.000806
-0.035729,-0.00157,-0.000276
-0.035933,-0.000823,-0.000834
-0.036,-0.001602,-0.001131
-0.036269,-0.001142,-0.000989
-0.034126,-0.000835,-0.001006
-0.034208,-0.000743,-0.000305
-0.034265,-0.001717,-0.000558
-0.034667,-0.001775,-0.001075
-0.034708,-0.001271,-0.001
-0.032987,-0.00177,-0.001262
-0.032997,-0.001567,-0.000795
-0.031209,-0.001672,-0.000837
-0.032076,-0.001791,-0.001192
-0.030642,-0.000777,-0.000995
-0.029023,-0.001558,-0.00092
-0.029189,-0.000871,-0.001092
-0.029712,-0.001341,-0.000937
-0.027655,-0.001777,-0.001032
-0.028415,-0.000842,-0.000944
-0.026228,-0.000977,-0.000919
-0.02687,-0.001036,-0.000737
-0.027366,-0.001546,-0.000854
-0.025248,-0.000884,-0.001115
-0.025444,-0.000832,-0.000792
-0.02553,-0.001444,-0.001008
-0.024318,-0.001039,-0.001048
-0.022591,-0.001202,-0.001039
-0.022816,-0.001845,-0.001005
-0.023297,-0.001115,-0.001077
-0.021697,-0.001038,-0.001279
-0.020648,-0.001113,-0.00122
-0.050529,-0.000669,-0.001055
-0.049348,0.00055,-0.000522
-0.048008,0.000183,-0.001007
-0.046798,0.000119,-0.000895
-0.045432,-0.000285,-0.000266
-0.045523,0.000207,-0.000914
-0.045809,-0.000646,-0.0007
-0.04637,-0.000597,-0.000967
-0.044032,-0.000335,-0.000582
-0.044856,-1.1e-05,-0.00048
-0.043255,0.000492,-0.000687
-0.043702,0.000115,-0.000621
-0.042276,0.000197,-0.00086
-0.040134,-5.3e-05,-0.000598
-0.040485,0.000297,-0.000887
-0.040937,-9.5e-05,-0.000969
-0.038913,-0.000554,-0.000784
-0.039099,-0.000146,-0.00059
-0.039714,-0.000681,-0.000961
-0.039933,0.00027,-0.001165
-0.037593,0.000162,-0.001052
-0.037695,-0.0003,-0.001065
-0.037766,0.000413,-0.0008
-0.03815,0.000533,-0.001088
-0.038376,-2e-05,-0.001136
-0.03878,-0.000269,-0.001239
-0.036378,-0.000334,-0.000944
-0.036731,-0.000555,-0.001052
-0.037018,1.6e-05,-0.001002
-0.037348,-0.00069,-0.001112
-0.035036,-0.000557,-0.000528
-0.035167,0.000245,-0.000921
-0.035484,-0.000436,-0.00087
-0.035999,0.000327,-0.000923
-0.036052,-4.2e-05,-0.000873
-0.036253,0.000479,-0.001019
-0.033785,-0.000569,-0.000188
-0.034879,-0.000112,-0.00078
-0.034999,0.000418,-0.000937
-0.032885,-0.000606,-0.001001
-0.033418,-0.000289,-0.000942
-0.033718,-0.000139,-0.001086
-0.031484,-0.000344,-0.000843
-0.031696,0.000303,-0.001049
-0.032305,-0.000102,-0.000859
-0.032465,0.00053,-0.000715
-0.030214,0.000172,-0.000955
-0.030869,-0.000585,-0.000994
-0.028783,0.000384,-0.001131
-0.029211,-0.000417,-0.001038
-0.029444,0.000214,-0.001128
-0.028634,-0.000221,-0.001126
-0.026328,0.000483,-0.001126
-0.026661,-0.000133,-0.001188
-0.027209,-0.000367,-0.000908
-0.025166,-0.000313,-0.001164
-0.025369,0.000238,-0.001174
-0.025844,-5.2e-05,-0.001227
-0.025934,-0.00034,-0.001219
-0.023647,-0.000368,-0.001042
-0.023955,-0.000697,-0.001084
-0.024182,0.000194,-0.001126
-0.024256,-0.000111,-0.001133
-0.02292,-0.000453,-0.001121
-0.022015,-0.000397,-0.001268
-0.02216,0.000324,-0.001198
-0.022174,0.00035,-0.001218
-0.052267,0.000913,-0.001305
-0.050357,0.000801,-0.00103
-0.05142,0.00112,-0.001196
-0.04941,0.001388,-0.001324
-0.047811,0.00146,-0.000724
-0.046567,0.000753,-0.000792
-0.047685,0.000961,-0.001025
-0.045532,0.000805,-0.000933
-0.045553,0.001651,-0.0011
-0.046267,0.001523,-0.001236
-0.044238,0.000785,-0.000447
-0.044475,0.001188,-0.00102
-0.045027,0.001431,-0.000716
-0.045144,0.000786,-0.001096
-0.042708,0.000884,-0.001096
-0.043271,0.001814,-0.000554
-0.043334,0.001264,-0.000836
-0.043744,0.000794,-0.000669
-0.04387,0.001724,-0.00108
-0.041539,0.000781,-0.0009
-0.04192,0.001517,-0.000876
-0.042099,0.001425,-0.000652
-0.042335,0.000875,-0.000858
-0.040145,0.00131,-0.000615
-0.040862,0.001292,-0.000801
-0.04099,0.000758,-0.000785
-0.041205,0.001311,-0.000861
-0.03887,0.000815,-0.001036
-0.039182,0.0011,-0.000499
-0.039219,0.001555,-0.001081
-0.039382,0.00083,-0.000826
-0.038709,0.001155,-0.001113
-0.036493,0.00141,-0.001036
-0.037229,0.001186,-0.001247
-0.037395,0.000876,-0.000797
-0.03516,0.001197,-0.000987
-0.035366,0.001463,-0.000163
-0.035572,0.001423,-0.000973
-0.035784,0.001089,-0.001049
-0.03579,0.000674,-0.000243
-0.036269,0.001006,-0.000977
-0.034105,0.001654,-0.000218
-0.034241,0.001419,-0.001221
-0.034409,0.000614,-0.000885
-0.034513,0.001807,-0.000942
-0.034606,0.000679,-0.001123
-0.032754,0.001716,-0.00041
-0.032981,0.00074,-0.000927
-0.033528,0.000594,-0.001031
-0.031353,0.001779,-0.001042
-0.032098,0.001626,-0.000805
-0.030032,0.001579,-0.001015
-0.030518,0.000755,-0.0008
-0.030707,0.00168,-0.000807
-0.030915,0.001163,-0.000985
-0.028831,0.001108,-0.001163
-0.029263,0.000829,-0.001174
-0.029682,0.000898,-0.001049
-0.027495,0.000882,-0.001202
-0.026554,0.001836,-0.001009
-0.026581,0.001183,-0.001128
-0.027182,0.00083,-0.001079
-0.025204,0.00172,-0.001161
-0.025663,0.000942,-0.000784
-0.025793,0.000753,-0.000813
-0.026041,0.000936,-0.001172
-0.023704,0.00085,-0.001036
-0.023912,0.00084,-0.001275
-0.024129,0.001582,-0.00102
-0.024325,0.001529,-0.000876
-0.024498,0.001173,-0.001032
-0.022814,0.00083,-0.001217
-0.020413,0.001479,-0.001279
-0.051981,0.002057,-0.001219
-0.052358,0.002712,-0.001075
-0.050619,0.002338,-0.000884
-0.0465,0.001868,-0.001182
-0.047659,0.002713,-0.000631
-0.045445,0.002621,-0.001184
-0.045815,0.002961,-0.000966
-0.046432,0.002305,-0.000556
-0.044322,0.002935,-0.000625
-0.04462,0.001997,-0.000823
-0.04498,0.002013,-0.001003
-0.042898,0.002302,-0.000111
-0.043061,0.003053,-0.000836
-0.04318,0.002287,-0.000817
-0.043658,0.003105,-0.000882
-0.043734,0.002807,-0.000798
-0.041861,0.002449,-0.001039
-0.042055,0.002559,-0.000941
-0.042646,0.001856,-0.000793
-0.042669,0.002632,-0.000872
-0.040218,0.002158,-0.001091
-0.04092,0.003022,-0.000362
-0.041189,0.003051,-0.001035
-0.041203,0.002139,-0.001066
-0.041257,0.002524,-0.001105
-0.0394,0.002461,-0.000768
-0.039449,0.003049,-0.001243
-0.039804,0.001947,-0.001199
-0.037943,0.002295,-0.001067
-0.037944,0.002971,-0.00111
-0.038791,0.002704,-0.001236
-0.038794,0.002707,-0.001223
-0.036428,0.00276,-0.001084
-0.036864,0.00273,-0.000529
-0.036997,0.002489,-0.001108
-0.037187,0.002067,-0.001089
-0.03734,0.00288,-0.000895
-0.035044,0.002017,-0.000913
-0.035158,0.002709,-0.00092
-0.035376,0.00225,-0.000919
-0.03556,0.002551,-0.000959
-0.035816,0.001956,-0.000962
-0.035866,0.002603,-0.00101
-0.03619,0.002429,-0.001314
-0.036264,0.001878,-0.001036
-0.033974,0.002464,-0.000733
-0.034464,0.002191,-0.000865
-0.034874,0.002408,-0.000852
-0.032485,0.003117,-0.001286
-0.033042,0.002745,-0.001038
-0.033062,0.001993,-0.001105
-0.033412,0.003059,-0.000866
-0.033439,0.002522,-0.000902
-0.033732,0.001878,-0.000997
-0.031916,0.001914,-0.001349
-0.028682,0.002191,-0.001234
-0.029249,0.003023,-0.001095
-0.02937,0.002418,-0.001018
-0.029892,0.002151,-0.001011
-0.027534,0.001959,-0.001117
-0.02778,0.002826,-0.001116
-0.027315,0.00268,-0.000833
-0.027328,0.002166,-0.000933
-0.025425,0.002918,-0.000192
-0.025685,0.002497,-0.000487
-0.026033,0.00255,-0.001089
-0.023742,0.001958,-0.000763
-0.023778,0.002755,-0.000922
-0.024307,0.002956,-0.001088
-0.024424,0.002537,-0.00078
-0.022974,0.00219,-0.00098
-0.023246,0.002978,-0.001024
-0.023263,0.002526,-0.001083
-0.021175,0.002499,-0.000545
-0.020191,0.002019,-0.001144
-0.02099,0.002062,-0.001017
-0.052001,0.004008,-0.001025
-0.05249,0.003812,-0.001245
-0.05119,0.003459,-0.001023
-0.048715,0.004204,-0.001212
-0.046665,0.003633,-0.001122
-0.047173,0.004383,-0.000764
-0.04535,0.003438,-0.001057
-0.045545,0.004357,-0.001085
-0.04408,0.004205,-0.001345
-0.044529,0.004052,-0.00091
-0.044811,0.003686,-0.000667
-0.043395,0.004176,-0.000813
-0.041863,0.003945,-0.000635
-0.042025,0.004334,-0.000531
-0.04242,0.00364,-0.000719
-0.04258,0.003895,-0.001057
-0.042582,0.004378,-0.000778
-0.040524,0.003587,-0.000993
-0.040563,0.00419,-0.001218
-0.041102,0.003957,-0.001119
-0.039123,0.003593,-0.001269
-0.039173,0.004392,-0.000896
-0.039742,0.003805,-0.000929
-0.037752,0.003832,-0.001041
-0.037937,0.004083,-0.001176
-0.038471,0.004003,-0.0013
-0.036902,0.003877,-0.001204
-0.037234,0.00329,-0.000341
-0.037459,0.004244,-0.000469
-0.035448,0.003902,-0.000926
-0.03557,0.004237,-0.001153
-0.035575,0.003138,-0.001014
-0.035988,0.003661,-0.001051
-0.03626,0.003921,-0.00112
-0.034097,0.004047,-0.000945
-0.034247,0.003238,-0.00077
-0.034348,0.003516,-0.000822
-0.034684,0.004329,-0.00101
-0.034895,0.003455,-0.000922
-0.032525,0.003992,-0.001139
-0.033106,0.003506,-0.001018
-0.033142,0.004314,-0.001125
-0.033633,0.00346,-0.000807
-0.031358,0.003679,-0.00133
-0.030304,0.003601,-0.000927
-0.030827,0.003433,-0.001291
-0.031191,0.003304,-0.000717
-0.029339,0.003999,-0.00105
-0.027526,0.003968,-0.001227
-0.028083,0.00403,-0.001163
-0.02829,0.00362,-0.000946
-0.028435,0.00325,-0.001211
-0.026188,0.004303,-0.000973
-0.026491,0.003622,-0.000738
-0.026761,0.004036,-0.001108
-0.024906,0.003622,-0.001158
-0.025122,0.00314,-0.000791
-0.025165,0.00437,-0.001199
-0.025474,0.003943,-0.000899
-0.023742,0.00425,-0.000891
-0.024054,0.003792,-0.000829
-0.024065,0.003276,-0.000788
-0.02262,0.004316,-0.001205
-0.022927,0.003377,-0.001005
-0.023032,0.004249,-0.001086
-0.023546,0.003655,-0.001015
-0.021046,0.003397,-0.001316
-0.021056,0.004283,-0.001053
-0.020097,0.003893,-0.000602
-0.051255,0.005088,-0.001016
-0.051472,0.004644,-0.001199
-0.05007,0.005469,-0.001175
-0.050318,0.004494,-0.00113
-0.048586,0.00561,-0.00128
-0.04865,0.005005,-0.001011
-0.047221,0.005285,-0.001031
-0.045572,0.004778,-0.000974
-0.044515,0.005221,-0.001199
-0.044767,0.005201,-0.000881
-0.044793,0.004781,-0.000883
-0.043556,0.005392,-0.001105
-0.04391,0.005098,-0.000999
-0.041574,0.005595,-0.000537
-0.041858,0.00467,-0.00124
-0.042123,0.005285,-0.00114
-0.04253,0.005642,-0.001133
-0.040497,0.005017,-0.000832
-0.041116,0.004721,-0.000725
-0.039642,0.004715,-0.000994
-0.039674,0.005372,-0.000864
-0.037665,0.005034,-0.00121
-0.038075,0.005083,-0.000751
-0.038567,0.005195,-0.001228
-0.038578,0.004454,-0.001256
-0.038821,0.005511,-0.000793
-0.038848,0.00511,-0.000429
-0.036759,0.00499,-0.001223
-0.036779,0.004455,-0.000587
-0.036817,0.004644,-0.001343
-0.03699,0.005153,-0.00057
-0.035114,0.004826,-0.00112
-0.035618,0.004774,-0.001176
-0.035823,0.005255,-9.1e-05
-0.035958,0.005043,-0.000606
-0.036055,0.004728,-0.001244
-0.033765,0.004506,-0.001102
-0.033829,0.004875,-0.001053
-0.034453,0.004883,-0.001056
-0.032601,0.004824,-0.001337
-0.032753,0.005635,-0.001061
-0.031465,0.005589,-0.001115
-0.031609,0.004532,-0.00135
-0.032431,0.005091,-0.000654
-0.03059,0.004424,-0.001123
-0.031137,0.004871,-0.001171
-0.02881,0.004864,-0.001241
-0.029904,0.004674,-0.001118
-0.027707,0.004456,-0.001162
-0.026438,0.005135,-0.001286
-0.027248,0.005654,-0.001294
-0.024938,0.004569,-0.000959
-0.025289,0.005441,-0.001207
-0.025544,0.004459,-0.00106
-0.025922,0.005383,-0.001011
-0.024179,0.004654,-0.001054
-0.024356,0.005157,-0.001261
-0.024538,0.005609,-0.000884
-0.022461,0.005139,-0.001206
-0.023362,0.005352,-0.001226
-0.02103,0.005274,-0.001208
-0.021964,0.005427,-0.001316
-0.020381,0.005195,-0.001221
-0.020662,0.004504,-0.001269
-0.050921,0.006476,-0.001178
-0.049906,0.006455,-0.001178
-0.048698,0.006353,-0.001293
-0.04695,0.006809,-0.001028
-0.044937,0.00605,-0.001261
-0.044948,0.006776,-0.00133
-0.042851,0.006517,-0.001144
-0.042907,0.00684,-0.000571
-0.042908,0.005922,-0.000734
-0.043452,0.005963,-0.000652
-0.043724,0.006471,-0.000921
-0.041762,0.006076,-0.000867
-0.042133,0.006844,-0.000917
-0.040128,0.005758,-0.00079
-0.040344,0.006427,-0.00107
-0.041206,0.00578,-0.001197
-0.041336,0.006352,-0.001149
-0.038882,0.005951,-0.001239
-0.039282,0.005943,-0.00057
-0.039574,0.006754,-0.000821
-0.038037,0.006425,-0.001201
-0.038115,0.00601,-0.000791
-0.038134,0.006718,-0.000262
-0.038827,0.006425,-0.000813
-0.036741,0.005872,-0.001269
-0.037086,0.006583,-0.000952
-0.037206,0.005941,-0.000952
-0.037434,0.006411,-0.001264
-0.035256,0.006531,-0.000699
-0.03382,0.006097,-0.001201
-0.034938,0.005781,-0.001145
-0.033533,0.006553,-0.001291
-0.031724,0.006774,-0.001176
-0.032173,0.005705,-0.000858
-0.030809,0.006943,-0.001148
-0.031085,0.006043,-0.001336
-0.028792,0.006757,-0.001142
-0.029335,0.005996,-0.00131
-0.027446,0.006331,-0.000954
-0.026338,0.005831,-0.001061
-0.027163,0.006752,-0.001273
-0.025056,0.0068,-0.001199
-0.025953,0.006439,-0.00117
-0.0245,0.005909,-0.000983
-0.022392,0.005954,-0.001208
-0.022425,0.006179,-0.001059
-0.022599,0.006474,-0.000918
-0.02299,0.006691,-0.000652
-0.023356,0.006086,-0.001093
-0.021817,0.00674,-0.00093
-0.020904,0.006139,-0.001175
-0.020929,0.006149,-0.001171
-0.05038,0.007971,-0.001225
-0.049252,0.007972,-0.001068
-0.047966,0.007071,-0.001153
-0.04727,0.007785,-0.001321
-0.045738,0.008102,-0.001331
-0.04586,0.007217,-0.001108
-0.042719,0.007846,-0.001092
-0.043249,0.007572,-0.001331
-0.043871,0.007289,-0.001196
-0.041934,0.007905,-0.001214
-0.042054,0.007303,-0.000747
-0.042111,0.007265,-0.001333
-0.040508,0.00767,-0.001079
-0.04069,0.00711,-0.001107
-0.04114,0.007269,-0.001206
-0.039064,0.007954,-0.001135
-0.039657,0.007887,-0.001053
-0.039934,0.007629,-0.001168
-0.037681,0.008073,-0.001149
-0.037918,0.007048,-0.000962
-0.038431,0.007392,-0.000919
-0.03879,0.007312,-0.001035
-0.037221,0.007078,-0.001022
-0.034204,0.007472,-0.001317
-0.034486,0.007051,-0.001138
-0.034732,0.008018,-0.001311
-0.030395,0.007959,-0.00084
-0.028775,0.007362,-0.000898
-0.028065,0.007713,-0.000916
-0.026707,0.007434,-0.000929
-0.027214,0.008186,-0.000958
-0.025622,0.007961,-0.000808
-0.025894,0.008032,-0.001326
-0.0243,0.007942,-0.000707
-0.024506,0.007166,-0.001285
-0.022878,0.007268,-0.001121
-0.020843,0.008097,-0.000931
-0.046508,0.00862,-0.001249
-0.04769,0.009038,-0.000954
-0.045612,0.009374,-0.001184
-0.044427,0.008308,-0.001222
-0.041163,0.008704,-0.001265
-0.040024,0.009156,-0.001147
-0.036641,0.008783,-0.001271
-0.035121,0.008928,-0.00118
-0.034058,0.008445,-0.001249
-0.032847,0.008698,-0.000769
-0.033552,0.008508,-0.001044
-0.031739,0.008906,-0.000849
-0.030758,0.009119,-0.001157
-0.028707,0.008604,-0.001166
-0.029477,0.009295,-0.001152
-0.029501,0.00832,-0.001031
-0.025424,0.00857,-0.000693
-0.023081,0.008276,-0.000928
-0.021567,0.008794,-0.00085
-0.020389,0.009313,-0.000833
-0.0486,0.010507,-0.001276
-0.046674,0.009987,-0.00118
-0.044443,0.009727,-0.000964
-0.042904,0.010193,-0.001129
-0.043447,0.009613,-0.000588
-0.041418,0.01039,-0.001164
-0.04055,0.009673,-0.000632
-0.037736,0.009791,-0.001064
-0.036387,0.009909,-0.00085
-0.037107,0.009608,-0.001052
-0.035427,0.0098,-0.000909
-0.034155,0.009728,-0.000852
-0.032137,0.010303,-0.001135
-0.030316,0.01019,-0.001026
-0.031165,0.010439,-0.001217
-0.029091,0.010252,-0.000969
-0.027402,0.009702,-0.000961
-0.028363,0.009907,-0.001064
-0.026549,0.009977,-0.000934
-0.023263,0.00965,-0.000779
-0.021892,0.009583,-0.001291
-0.047895,0.011572,-0.001231
-0.046454,0.011476,-0.001194
-0.043954,0.011927,-0.001031
-0.044784,0.010847,-0.001007
-0.040134,0.011256,-0.001167
-0.041094,0.011223,-0.00089
-0.039529,0.0109,-0.001176
-0.037891,0.010798,-0.001128
-0.038071,0.011844,-0.000984
-0.036747,0.011718,-0.00135
-0.03523,0.011483,-0.001113
-0.034056,0.011707,-0.001063
-0.032947,0.010942,-0.001172
-0.031403,0.011573,-0.001197
-0.025206,0.010826,-0.000991
-0.024139,0.011217,-0.001264
-0.02294,0.010801,-0.001018
-0.021142,0.010814,-0.001302
-0.021776,0.010973,-0.000873
-0.041882,0.012637,-0.001275
-0.042488,0.012263,-0.00091
-0.036296,0.012371,-0.001343
-0.039172,-0.004759,-1.9e-05
-0.039966,-0.003828,0.000157
-0.039975,-0.000808,-7.2e-05
-0.032061,-0.001051,0.000182
