"Points_X","Points_Y"
-0.05441,0.000187
-0.054339,0.004136
-0.053927,0.0013
-0.053394,-1.4e-05
-0.053304,-0.000631
-0.053155,0.004239
-0.053097,0.002121
-0.053074,0.00186
-0.052986,-0.00254
-0.052858,0.000666
-0.052832,0.002887
-0.052236,-0.003674
-0.052151,-0.001048
-0.052131,-0.004263
-0.05206,-0.002158
-0.052018,0.003344
-0.052006,0.005943
-0.05192,0.008406
-0.051546,-0.007453
-0.05153,0.001573
-0.051199,0.000425
-0.051,-0.001046
-0.050981,-0.004392
-0.05097,0.004252
-0.05083,-0.00536
-0.050828,-0.007316
-0.050701,-0.001782
-0.050667,-0.002138
-0.050538,0.007344
-0.050535,0.002529
-0.050513,0.00053
-0.050436,-0.000401
-0.050423,0.006363
-0.050407,-0.004843
-0.050365,-0.008377
-0.05029,-0.003578
-0.050213,0.0016
-0.05011,0.009511
-0.050046,0.00849
-0.050001,-0.002435
-0.049977,-0.00701
-0.049933,-0.005538
-0.049868,-0.001584
-0.049836,0.010905
-0.049649,0.000128
-0.049613,-0.002943
-0.049494,0.003263
-0.049484,-0.006591
-0.049479,0.002422
-0.049448,-0.008473
-0.049358,0.006137
-0.049334,-0.004714
-0.049267,-0.003578
-0.049253,-0.009449
-0.049239,0.000858
-0.049224,0.00162
-0.049204,-0.001227
-0.04914,0.003468
-0.048835,0.004177
-0.048774,-0.00093
-0.048743,-0.004475
-0.048734,0.003958
-0.048687,0.004693
-0.048635,-0.007254
-0.04863,0.000341
-0.048609,0.007508
-0.048595,0.008033
-0.04857,0.010061
-0.048433,-0.002038
-0.048402,-0.002504
-0.048368,-0.005907
-0.048355,-0.001329
-0.048354,-0.004895
-0.048336,-0.003537
-0.048279,0.001792
-0.048162,-0.008501
-0.048061,0.005804
-0.048043,0.008627
-0.04799,-0.002951
-0.047985,-0.004223
-0.047936,-0.000378
-0.047871,0.00119
-0.047798,0.004808
-0.047771,0.002659
-0.04775,0.003757
-0.047749,-0.002952
-0.04772,-0.000752
-0.047685,0.009566
-0.047612,0.011413
-0.047578,0.006468
-0.047503,-0.006219
-0.047488,0.001846
-0.047464,-0.001571
-0.047383,-0.010761
-0.047366,0.001339
-0.047319,-0.008569
-0.047236,0.001313
-0.047227,0.005801
-0.047159,-0.0055
-0.047113,0.000404
-0.047092,-0.00279
-0.047066,0.004185
-0.047055,-0.003840.000146
-0.047038,-0.00448
-0.047009,0.004982
-0.046872,-0.009119
-0.046845,0.009978
-0.046841,0.007872
-0.046829,-0.005965
-0.046775,-0.000676
-0.046663,-0.010668
-0.046623,-0.006491
-0.046602,0.000626
-0.046503,-0.001986
-0.046475,0.008612
-0.046455,-0.001305
-0.046438,-0.004605
-0.046428,0.006478
-0.046396,0.002584
-0.046383,0.003201
-0.046367,0.003204
-0.046355,0.002294
-0.046319,-0.013139
-0.046259,0.00515
-0.046234,0.01226
-0.046192,0.005778
-0.04612,0.00015
-0.046108,0.010692
-0.046088,-0.00273
-0.045968,-0.004536
-0.045941,-0.007225
-0.045892,-0.001391
-0.045853,-0.003076
-0.045786,-0.008208
-0.045784,-0.009684
-0.045737,0.007986
-0.04567,0.000793
-0.045662,0.006481
-0.045622,0.001661
-0.045599,-0.006143
-0.045578,-0.003459
-0.045568,-0.002312
-0.045517,-0.011078
-0.045449,-0.006842
-0.045433,0.003974
-0.045408,0.009323
-0.045362,-0.000668
-0.045325,0.011258
-0.045294,-0.008923
-0.045293,-0.000138
-0.045276,0.001374
-0.045151,0.002556
-0.045131,-0.007761
-0.045121,-0.001179
-0.045091,-0.003373
-0.045047,-0.005788
-0.045024,0.005014
-0.04493,0.006322
-0.04492,-0.004951
-0.044893,-0.001425
-0.044882,-0.005312
-0.044865,0.003118
-0.044848,-0.007505
-0.044838,0.007053
-0.04474,0.004031
-0.044725,0.010159
-0.044711,-0.010551
-0.044689,0.001092
-0.044647,0.007717
-0.044631,-0.009741
-0.044573,0.001931
-0.044541,0.004585
-0.044481,-0.008209
-0.044477,0.005621
-0.04444,-0.006746
-0.044436,-0.004053
-0.044413,-0.0017760.002578
-0.044393,-0.008869
-0.044364,-0.002453
-0.044295,0.000812
-0.04428,-0.002985
-0.044277,-0.003579
-0.044193,-0.005218
-0.04418,-0.001611
-0.044146,5.6e-05
-0.044128,0.005165
-0.044106,-0.0048
-0.044086,0.007258
-0.044069,-0.005916
-0.044029,0.008377
-0.043941,0.002992
-0.043918,-0.000979
-0.043909,-0.007279
-0.043898,0.003936
-0.043856,0.009572
-0.043729,9.7e-05
-0.043681,-0.010919
-0.04365,0.009006
-0.043631,0.004359
-0.043587,0.002049
-0.043561,0.006009
-0.043518,-0.003245
-0.043431,-0.008866
-0.043422,-0.012374
-0.043415,-0.003928
-0.043379,0.005649
-0.043366,0.010086
-0.04336,0.002833
-0.04335,0.00515
-0.043329,-0.001518
-0.043257,-0.000156
-0.043216,0.000993
-0.043215,-0.005257
-0.043142,0.006353
-0.043075,-0.006619
-0.043048,0.011637
-0.04302,0.003675
-0.042988,0.008928
-0.042969,0.003827
-0.042924,-0.003734
-0.042914,0.007025
-0.042864,-0.007032
-0.042852,-7.8e-05
-0.042816,-0.009657
-0.042799,0.000575
-0.04271,-0.003345
-0.042692,-0.002181
-0.042667,0.007523
-0.042616,0.009941
-0.042581,0.004495
-0.042544,-0.001112
-0.042484,-0.001624
-0.042482,-0.008247
-0.042444,-0.001342
-0.042431,-0.008244
-0.042428,0.008173
-0.042378,-0.007319
-0.042356,-0.011455
-0.042355,7e-06
-0.042354,0.002891
-0.042339,-0.004609
-0.042334,0.003631
-0.042287,0.012409
-0.04224,-0.006658
-0.042212,0.001565
-0.04221,0.002657
-0.042205,0.001247
-0.042172,-0.010166
-0.042092,0.006447
-0.042089,-0.003488
-0.042036,0.00666
-0.04199,-0.004895
-0.04198,-0.003127
-0.041961,-0.002594
-0.041916,-0.008041
-0.041877,0.005452
-0.041692,0.010131
-0.041684,0.008035
-0.041676,-0.005763
-0.041628,-0.001797
-0.0416,0.004091
-0.041594,-0.0002060.002099
-0.041544,0.000889
-0.041533,0.010607
-0.041443,-0.003673
-0.041347,0.003546
-0.041309,0.008048
-0.041278,0.007249
-0.041276,-0.009489
-0.041255,-0.010412
-0.041218,-0.008378
-0.041198,-0.007144
-0.041172,0.000929
-0.041168,0.008755
-0.041153,0.002778
-0.04115,-0.004111
-0.041097,0.011697
-0.041062,-0.004455
-0.041024,0.005188
-0.040973,0.006516
-0.040965,-0.000913
-0.040934,-0.002919
-0.04093,-0.005297
-0.040925,-0.001765
-0.04092,0.001327
-0.04091,0.002606
-0.040898,0.004588
-0.040887,0.010637
-0.040846,-0.011362
-0.040806,-0.008746
-0.040775,-0.006253
-0.040755,-0.00628
-0.04074,-0.002665
-0.040724,0.000648
-0.040677,0.001578
-0.040582,0.005954
-0.040576,0.004607
-0.040551,-0.001048
-0.04054,0.000263
-0.040523,0.003582
-0.040505,0.013243
-0.040434,0.00431
-0.040433,-0.003446
-0.040361,-0.005617-0.004462
-0.040311,0.009174
-0.040308,-0.008615
-0.040285,0.009206
-0.040241,-0.000775
-0.040191,-0.012158
-0.040179,-0.010299
-0.040158,-0.001362
-0.040123,0.002652
-0.040003,0.010909
-0.039968,0.003068
-0.03996,0.005857
-0.039956,-0.003279-0.004446
-0.039944,0.007427
-0.039912,-0.006968
-0.039866,0.002405
-0.039851,0.008991
-0.039831,-0.002578
-0.0398,-0.008212
-0.03976,0.004343
-0.039739,0.000197
-0.039691,-0.009335-0.0058
-0.039682,0.006506
-0.039602,-0.00263
-0.039585,0.013114
-0.039533,0.006035
-0.039524,0.001797
-0.039494,-0.001021
-0.039445,0.004602
-0.039401,-0.007422
-0.039346,0.006123
-0.03934,-0.010393
-0.039329,-0.002293
-0.03932,-0.004718
-0.039297,-0.003843
-0.039295,-0.000964
-0.039291,0.003119
-0.039277,-0.011423
-0.039247,-0.012922
-0.039238,0.004001
-0.039187,0.001504
-0.039087,0.008574
-0.039082,0.004464
-0.039073,-0.001833
-0.039048,0.000343
-0.038998,0.007936
-0.038979,-0.007742
-0.038969,-0.006115
-0.038961,-0.004546
-0.038935,-0.00085
-0.038929,0.001895
-0.038874,-0.006907
-0.038812,-0.000494
-0.038811,0.003816
-0.0388,-0.006437
-0.038783,0.01069
-0.03872,-0.002807
-0.03868,0.004564
-0.03866,0.011595
-0.038651,-0.000148
-0.038638,-0.008805
-0.038634,0.006742
-0.03863,0.008992
-0.038608,0.002229
-0.038599,0.003014
-0.038513,-0.003475
-0.038506,0.004997
-0.038493,-0.011178
-0.038471,0.001429
-0.038465,-0.005003
-0.038447,-0.005325
-0.038443,0.000994
-0.038409,0.000532
-0.038401,0.012421
-0.038313,0.001457
-0.038263,0.008642
-0.038253,0.005641
-0.038206,-0.001903
-0.038181,-0.00821
-0.038177,0.00053
-0.038144,0.007141
-0.038138,0.004781
-0.038127,-0.001529
-0.03812,-0.004379
-0.037985,-0.008997
-0.037972,0.001716
-0.037966,-0.003572
-0.037957,-0.002563
-0.037952,-0.003969
-0.037906,-0.005952
-0.037898,0.009759
-0.037883,-0.013238
-0.037868,-0.011254
-0.037848,0.006997
-0.037825,-0.000569
-0.037773,0.011729
-0.037763,-0.011244
-0.037704,0.005582
-0.037678,-0.002179
-0.037645,0.003627
-0.037607,-0.003588
-0.037533,0.00827
-0.037456,5.2e-05
-0.037454,0.006233
-0.037447,-0.009742
-0.037433,-0.001466
-0.037408,-0.007536
-0.037382,0.001714
-0.037378,0.002441
-0.037345,0.002759
-0.037322,0.002025
-0.037281,0.003259
-0.037268,-0.005815
-0.037191,-0.003128
-0.037176,0.010371
-0.037159,-0.012397
-0.037134,0.001389
-0.037122,0.006806
-0.037104,0.0001250.000603
-0.037094,0.004533
-0.037088,-0.002263
-0.03705,-0.000592
-0.037023,0.004546
-0.037018,-0.001697
-0.037008,-0.008459
-0.03697,0.00845
-0.03694,0.004826
-0.036932,-0.005274
-0.03689,-0.002598
-0.036879,-0.011238
-0.036846,-0.004102
-0.036828,-0.006708
-0.036768,0.006518
-0.036736,-0.000946
-0.036589,0.011498
-0.036584,-0.00439
-0.03651,-0.006205
-0.036494,0.002343
-0.036429,0.001203
-0.036424,-0.003067
-0.036404,0.005339
-0.036396,-0.009621
-0.036374,0.00319
-0.036286,-0.011606
-0.036264,0.003924
-0.036192,0.006049
-0.036189,-0.00043
-0.036179,-0.008891
-0.036132,-0.001957
-0.036126,0.00749
-0.036081,-0.005118
-0.036057,0.008339
-0.036031,0.001491
-0.03602,-0.004045
-0.035968,0.009858
-0.035933,0.004599
-0.035909,-0.000832
-0.035894,-0.006947
-0.035892,-0.003069
-0.035821,-0.007361
-0.035812,7.1e-05
-0.035795,-0.004524
-0.035779,-0.009575
-0.035777,0.003285
-0.035762,-0.001702
-0.035656,0.003682
-0.035642,-0.010383
-0.035636,0.00769
-0.035628,0.002741
-0.035595,-0.006405
-0.035499,0.0058650.008802
-0.03549,-0.001541
-0.035487,-0.000448
-0.035468,0.003972
-0.035464,0.001221
-0.035451,-0.0029
-0.03545,-0.000439
-0.035417,0.001504
-0.03541,0.00921
-0.035397,-0.012525
-0.035338,0.006911
-0.035262,0.002421
-0.035238,0.011462
-0.035161,0.001026
-0.035112,0.008351
-0.035089,0.006868
-0.035062,5.8e-05
-0.034954,-0.007852
-0.034953,-0.010301
-0.034934,-7.2e-05
-0.034931,-0.005201
-0.034891,0.006114
-0.034861,0.002982
-0.034822,0.005171
-0.034807,-0.001794
-0.034775,-0.002429
-0.034771,-0.00411
-0.034755,0.002929
-0.034708,-0.005208
-0.034686,-0.003446
-0.034634,0.004768
-0.034624,-0.001061
-0.034622,0.002169
-0.034603,0.009998
-0.034581,0.003654
-0.034579,0.000142
-0.034561,0.006823
-0.034548,0.009281
-0.034517,0.012017
-0.034488,0.00204
-0.034475,-0.011593
-0.03442,-0.007697
-0.034399,-0.002933
-0.03438,0.0105
-0.034368,-0.009175
-0.034355,0.001057
-0.034269,-0.00707
-0.034188,-0.00798
-0.034185,-0.003539
-0.034178,0.00162
-0.03416,0.003842
-0.034114,0.000178
-0.034068,0.005586
-0.034067,0.007268
-0.034036,0.001515
-0.034023,-0.003712
-0.034009,-0.004216
-0.033958,0.004835
-0.033911,0.002685
-0.033871,-0.005397
-0.033858,-0.000604
-0.033851,-0.001439
-0.033821,-0.001635
-0.033816,-0.006017
-0.033733,-0.001835
-0.033729,0.007616
-0.033699,0.008173
-0.033677,0.002488
-0.033666,0.006741
-0.033656,-0.004794
-0.033564,-0.008276
-0.03354,0.004871
-0.033443,0.005306
-0.033426,-0.006324
-0.033406,-0.009838
-0.033356,0.00239
-0.033316,0.001401
-0.033299,-0.000611
-0.033275,-0.002428
-0.033261,0.007698
-0.033237,-0.006957
-0.033226,0.00143
-0.033201,-0.005235
-0.033168,0.00926
-0.033149,-0.000325
-0.033127,0.001632
-0.033097,0.009113
-0.03306,-0.003757
-0.033008,0.010651
-0.033005,0.008194-0.003564
-0.032919,-0.009009
-0.032795,0.004052
-0.032786,0.011646
-0.032751,0.005664
-0.03275,0.002445
-0.03272,0.000553
-0.032686,-0.001891
-0.032652,0.004155
-0.032612,0.000217
-0.032589,-0.007664
-0.032577,-0.000604
-0.032571,0.00755
-0.032494,-0.00743
-0.032481,0.003856
-0.032472,-0.005402
-0.032447,0.009304
-0.032406,0.005821
-0.032381,0.003834
-0.032315,-0.003277
-0.0323,0.001397
-0.032257,-0.004517
-0.032242,-0.000846
-0.03221,-0.003681
-0.032189,0.006454
-0.032165,0.000747
-0.031997,-0.008422
-0.031984,-0.009351
-0.031954,0.010065
-0.031928,0.004395
-0.031912,0.008899
-0.031873,0.003015
-0.031855,0.003684
-0.031839,0.005194
-0.031835,0.001496
-0.031832,-0.001879
-0.031823,-0.002931
-0.031787,0.000417
-0.031756,0.004791
-0.031702,0.006831
-0.031637,-0.002763
-0.031627,-0.006342
-0.03162,-0.005449
-0.031606,-0.006177
-0.031504,0.007772
-0.031458,0.009856
-0.031418,-0.007869
-0.031166,-0.001417
-0.03113,-0.006723
-0.03108,-0.008622
-0.031027,-0.001637
-0.031022,0.0086250.004124
-0.031,0.005116
-0.030975,0.001821
-0.030957,-0.007623
-0.030914,0.006115
-0.030788,0.007843
-0.030782,-0.005854
-0.030772,-0.000546
-0.03066,0.003808
-0.030635,0.002183
-0.030587,-0.008189
-0.030539,0.002952
-0.030509,0.000704
-0.030442,-0.003158
-0.03043,-0.004477
-0.03042,0.008775
-0.030403,0.011288
-0.030244,0.004897
-0.030184,0.007144
-0.030169,0.002295
-0.030137,-0.003841
-0.030125,0.006539
-0.030073,0.00361
-0.030068,-0.004965
-0.030056,0.00828
-0.030046,-0.009598
-0.030031,0.004792
-0.029995,0.006032
-0.029864,-0.007825
-0.029848,-0.001033
-0.029802,0.010633
-0.029733,-0.000336
-0.029672,-0.007038
-0.029653,0.009706
-0.029622,-0.002167
-0.029568,0.004344
-0.029548,6e-06
-0.02951,0.004194
-0.029478,-0.002804
-0.029376,-0.002047
-0.029356,0.007684
-0.029291,0.006742
-0.029269,0.005086
-0.02926,-0.005799
-0.029235,-0.008786
-0.029202,-0.007514
-0.029138,-0.003851
-0.029086,0.008182
-0.029035,0.00155
-0.02898,0.006162
-0.028964,0.002802
-0.028914,-0.00338
-0.028867,0.003291
-0.028846,0.005415
-0.028742,0.011134
-0.028563,-0.00619
-0.028557,0.001484
-0.028521,-0.0071
-0.028475,-0.00871
-0.028437,-0.000768
-0.028413,0.004658
-0.028392,0.005767
-0.028323,-0.001443
-0.028229,0.010044
-0.028137,-0.004415
-0.028052,0.003924
-0.028045,0.003347
-0.028025,0.007209
-0.027919,0.004851
-0.027761,-0.000194
-0.027737,0.009337
-0.027734,-0.001709
-0.027708,-0.002739
-0.027671,0.000633
-0.027588,0.000792
-0.02758,-0.005194
-0.027533,-0.006006
-0.02751,0.007827
-0.027504,-0.009006
-0.027418,0.003796
-0.027398,0.004842
-0.027396,0.005969
-0.027375,0.006922
-0.027359,0.001419
-0.027288,-0.000409
-0.02728,-0.003563
-0.027273,0.001407
-0.027239,0.009917
-0.027234,0.00213
-0.027156,-0.007323
-0.027107,0.001121
-0.027103,-0.002608
-0.027073,-0.001053
-0.027029,0.003986
-0.026952,0.003406
-0.026935,-0.0042
-0.026902,0.002145
-0.026775,-0.006882
-0.026717,0.004987
-0.026687,-0.005206
-0.026607,2.2e-05
-0.026506,0.00379
-0.026461,0.009277
-0.026446,0.002598
-0.026383,0.005411
-0.026352,-0.000882
-0.026325,0.001309
-0.026324,0.007379
-0.02632,-0.002522
-0.026236,0.003526
-0.026205,-0.007032
-0.026158,-0.004224
-0.02615,0.002715
-0.026129,0.00598
-0.026074,-0.005143
-0.026049,9e-05
-0.026015,-0.0061
-0.025951,0.010731
-0.025921,-0.00291
-0.025905,0.000543
-0.025865,-0.001681
-0.025861,0.004574
-0.02583,-0.000971
-0.025759,-0.003169
-0.025712,-0.005389
-0.025678,-0.008632
-0.025643,0.007465
-0.025641,-0.001452
-0.025633,0.009326
-0.025493,0.003201
-0.025472,0.006017
-0.025448,0.00091
-0.025238,-0.003334
-0.025145,0.007001
-0.025129,0.001142
-0.025112,0.005541
-0.025076,-0.007373
-0.025044,0.008682
-0.025032,0.004326
-0.024998,-0.006788
-0.024873,-0.000958
-0.024842,0.00068
-0.024816,0.006283
-0.024748,-0.00464
-0.024745,-0.002144
-0.024619,0.001632
-0.024608,0.007449
-0.024597,0.001894
-0.024507,0.003172
-0.024416,-0.000205
-0.024391,0.00148
-0.024376,-0.002472
-0.024308,0.006862
-0.024298,-0.005465
-0.024253,0.003288
-0.024238,-0.004284
-0.024201,0.008742
-0.024189,0.00255
-0.024176,0.004756
-0.024154,-0.003807
-0.024132,-0.001872
-0.024128,0.001562
-0.024113,7.1e-05
-0.024071,0.004259
-0.024026,0.003893
-0.02402,0.008553
-0.023972,-0.005898
-0.023905,0.003528
-0.023864,-0.007807
-0.023707,-0.002695
-0.023701,-0.000433
-0.023576,0.002341
-0.023565,0.005221
-0.023472,0.008111
-0.023441,-0.00022
-0.02337,-0.001979
-0.023359,0.008966
-0.023358,-0.004788
-0.02334,0.006697
-0.023318,-0.006832
-0.023242,0.005428
-0.023221,-0.001891
-0.023219,0.005875
-0.023157,0.003804
-0.02312,0.001114
-0.023113,0.00973
-0.023066,-0.003616
-0.023061,-0.002872
-0.022941,-0.009381-0.005926
-0.022904,0.00069
-0.022781,-0.007648
-0.022754,-0.005482
-0.022503,-0.003359
-0.022428,0.007306
-0.022309,-0.004354
-0.022286,0.007116
-0.02228,0.002512
-0.022265,0.008537
-0.022151,-0.000408
-0.02213,-0.008459
-0.022114,0.002004
-0.022076,0.004388
-0.022044,0.006526
-0.022027,-0.000678
-0.021878,0.009356
-0.021869,0.005391
-0.021867,0.004136
-0.021855,0.000338
-0.021681,-0.00393
-0.021593,-0.006431
-0.021592,-0.007447
-0.021591,0.008945
-0.021574,0.001957
-0.021541,0.010942
-0.021535,-0.001341
-0.021444,0.003134
-0.02142,0.008146
-0.021387,0.002446
-0.021386,-0.007238
-0.021367,-0.008208
-0.021366,0.007440.003934
-0.02133,-0.005457
-0.021315,0.006621
-0.021222,0.001201
-0.021186,-0.009283
-0.021106,-0.003256
-0.020956,-0.001166
-0.020918,0.006001
-0.020912,0.009461
-0.020899,0.000412
-0.020714,-0.002291
-0.020683,0.009458
-0.020563,-0.002676
-0.020345,0.010008
-0.020334,0.003174
-0.020317,0.000628
-0.020145,0.004185
-0.020103,-0.000308
-0.020082,0.008765
-0.020053,-0.006544
-0.020047,0.004639
-0.020028,0.006415
-0.019952,-0.007201
-0.019935,0.005426
-0.01992,0.009206
-0.019875,0.0077
-0.019804,-0.010011
-0.019642,-0.003811
-0.019592,-0.006372
-0.01957,0.00368
-0.019554,-0.001102
-0.019551,-0.007923
-0.019529,0.000911
-0.0195,0.00459
-0.019436,-0.008645
-0.019409,-0.002053
-0.019297,-0.004833
-0.019247,-0.003006
-0.019196,0.002956
-0.01913,0.001303
-0.019119,0.009546
-0.019112,0.007194
-0.019058,-0.000786
-0.019021,-0.005302
-0.019015,0.008031
-0.019004,0.002804
-0.018972,0.004963
-0.018829,0.004579
-0.018767,0.009348
-0.018681,0.005604
-0.018667,0.000163
-0.01852,-0.003814
-0.018497,0.000254
-0.018396,0.002205
-0.018339,-0.004994
-0.018305,0.008611
-0.018172,-0.008092
-0.018101,0.003651
-0.018043,0.004704
-0.017994,0.005628
-0.017978,0.001331
-0.017894,-0.006524
-0.017833,-0.001893
-0.017699,0.009396
-0.01769,0.004961
-0.017666,-0.000319
-0.017621,0.005616
-0.017605,-0.000366
-0.017518,0.003229
-0.017339,-0.008851
-0.017309,-0.003776
-0.017254,-0.002218
-0.017236,-0.005997
-0.017211,0.0075630.008592
-0.017193,0.00659
-0.016972,0.003711
-0.01694,0.001283
-0.016782,0.001207
-0.016771,-0.002102
-0.01673,0.007171
-0.016724,-0.000528
-0.016711,-0.005115
-0.016587,-0.004119
-0.016547,0.0024
-0.016546,-0.001461
-0.016487,0.003847
-0.016461,-0.00672
-0.016326,8e-05
-0.016316,-0.003015
-0.016211,0.008578
-0.016128,0.00212
-0.016123,0.004585
-0.01608,0.000791
-0.015896,0.006385
-0.015797,-0.000595
-0.015785,-0.006512
-0.015767,-0.002295
-0.015745,0.00269
-0.01573,-0.005375
-0.015687,-0.003351
-0.015684,-0.007256
-0.015641,0.005742
-0.01561,0.010012
-0.015518,0.004445
-0.015517,0.002526
-0.015379,0.003761
-0.015373,0.009015
-0.01537,0.006602
-0.015334,0.008091
-0.015318,0.003552
-0.01523,-0.001888
-0.015218,0.001377
-0.015171,-0.004276
-0.015159,0.000752
-0.015151,-0.000346
-0.015117,-0.003797
-0.014978,-0.007399
-0.014958,0.005023
-0.014894,0.000594
-0.014827,-0.001297
-0.014772,0.006407
-0.01476,-0.000373
-0.014719,0.002243
-0.014691,-0.002352
-0.014623,0.004364
-0.014588,-0.005413
-0.014528,0.006857
-0.01443,0.001748
-0.014334,0.007554
-0.014274,0.003018
-0.014241,-0.002395
-0.014137,0.005082
-0.014115,-0.005907
-0.014073,-0.005696
-0.014065,-0.003132
-0.013976,0.01058
-0.013975,0.005024
-0.013916,0.002888
-0.013907,-0.004156
-0.013866,0.008647
-0.013854,-0.004235
-0.01385,-0.000515
-0.013768,0.007
-0.013723,-0.00248
-0.013686,0.004161
-0.013676,0.001536
-0.013589,-0.001198
-0.013527,0.005554
-0.013445,-0.008098
-0.01338,-0.003507
-0.013371,-0.007125
-0.013275,-0.005155
-0.013181,0.008193
-0.013178,0.002598
-0.013111,-0.000953
-0.013084,0.001148
-0.013068,0.009758
-0.013052,0.000348
-0.01303,-0.006242
-0.012989,0.004001
-0.012894,0.0115890.000338
-0.012879,0.003223
-0.012825,0.007357
-0.012794,-0.006882
-0.012685,0.005585
-0.01246,0.010258
-0.012434,-0.00432
-0.012333,0.00542
-0.012311,0.005742
-0.012297,0.006693
-0.012234,-0.001889
-0.01218,-0.006821
-0.012171,-0.005235
-0.012041,0.007704
-0.011989,0.003723
-0.011965,0.007244
-0.011803,0.001989
-0.011764,-0.008296
-0.011715,0.001039
-0.011702,-0.005377
-0.011685,-0.004201
-0.011592,-0.000872
-0.011552,0.008924
-0.011459,0.001878
-0.01144,-0.001031
-0.011353,-0.006388
-0.011338,0.010125
-0.011334,0.003904
-0.011221,0.008177
-0.011186,5.9e-05
-0.011062,0.000414
-0.011049,-0.003086
-0.01099,0.005541
-0.010944,0.002023
-0.010905,-0.00729
-0.010741,0.007306
-0.010659,0.009324
-0.010574,-0.007592
-0.010573,0.002328
-0.010452,0.005477
-0.010436,0.003826
-0.0104,-0.006287
-0.010398,-0.004487
-0.010351,0.001991
-0.010329,0.000516
-0.01029,0.003132
-0.010265,0.010492
-0.0102,0.010188
-0.010195,0.004641
-0.01005,-0.000485
-0.009973,-0.002973
-0.009894,0.004919
-0.009769,0.002405
-0.009591,-0.002521
-0.009549,0.008349
-0.009541,0.001566
-0.009484,0.010222
-0.009448,0.008965
-0.009417,0.006925
-0.009385,0.005893
-0.009315,0.003637
-0.009301,-0.008008
-0.009271,-0.001774
-0.009246,0.005315
-0.009226,-0.00576
-0.009194,-0.000308
-0.009151,-0.00163
-0.00897,-0.003821
-0.008969,0.002041
-0.008911,0.002578
-0.008863,-0.007097
-0.008846,0.000875
-0.008842,-0.006025
-0.008792,0.00607
-0.008649,0.010856
-0.008628,0.006353
-0.008471,0.009828
-0.008402,0.002448
-0.008368,-0.002436
-0.00833,-0.003461
-0.008326,0.000834
-0.00829,-6.5e-05
-0.008283,-0.000856
-0.008204,-0.005435
-0.008179,0.007671
-0.008142,0.003195
-0.008048,0.004814
-0.007954,0.00986
-0.007939,-0.008329
-0.007902,0.005828
-0.007901,0.003125
-0.00786,-6.1e-05
-0.007733,0.004731
-0.007616,-0.003734
-0.007608,-0.00696
-0.007583,0.00624
-0.007561,-0.003904
-0.007473,-0.001948
-0.007464,-0.005742
-0.007394,0.009196
-0.007389,0.003011
-0.007246,0.007895
-0.007233,-0.0051
-0.007161,0.010001
-0.007136,0.001789
-0.007033,-0.000253
-0.006983,-0.00273
-0.006977,0.001418
-0.006818,0.01076
-0.006769,-0.003701
-0.006725,0.006539
-0.006665,0.003407
-0.006599,0.005779
-0.006575,-0.001292
-0.006568,-0.005169
-0.006545,0.002779
-0.006531,-0.007228
-0.006476,0.005687
-0.006468,0.002242
-0.006402,-0.005273
-0.006364,0.003767
-0.006207,0.008025
-0.006206,-0.002302
-0.006194,0.008233
-0.006186,-0.007938
-0.00609,0.011197
-0.006056,0.004877
-0.006046,-5.2e-05
-0.005874,0.005739
-0.005648,0.007504
-0.005628,-0.006361
-0.005612,0.003652
-0.00555,0.000442
-0.005533,-0.003338
-0.005439,0.000852
-0.005275,0.00833
-0.005198,0.002657
-0.005128,-0.004135
-0.005051,-0.007149
-0.004857,-0.003447
-0.004851,0.007336
-0.004831,-0.005796
-0.00483,0.011406
-0.004573,0.004737
-0.004562,0.005051
-0.004545,0.009034
-0.004485,-7.5e-05
-0.004333,0.005397
-0.004323,0.002321
-0.004252,0.007883
-0.004184,-0.005116
-0.004128,-0.006952
-0.004035,-0.002634
-0.00402,0.010261
-0.004001,0.006849
-0.00398,0.004719
-0.003943,-0.004463
-0.003913,-0.001746
-0.003911,-0.000607
-0.003842,0.011177
-0.003749,0.001709
-0.003602,-0.006803
-0.003509,0.00078
-0.003497,0.002575
-0.003492,0.005394
-0.003322,0.007344
-0.003234,0.003242
-0.003219,0.00641
-0.003096,0.006993
-0.003074,-0.006964
-0.002896,-0.000438
-0.002892,-0.004051
-0.002708,0.004826
-0.002634,0.000267
-0.002628,0.009647
-0.002619,0.00111
-0.002546,0.005838
-0.002518,0.000941
-0.002472,-0.002123
-0.002469,0.003409
-0.002453,-0.00067
-0.00245,-0.006
-0.002344,-0.001387
-0.00233,-0.006129
-0.002224,-0.003986
-0.002164,0.001799
-0.001999,0.010747
-0.001964,0.004281
-0.001936,0.008188
-0.001905,0.003127
-0.001803,0.00506
-0.001716,0.008748
-0.001693,-0.000322
-0.001586,0.005983
-0.001555,0.002344
-0.001546,-0.001225
-0.001522,-0.002299
-0.001509,0.000746
-0.00146,0.003142
-0.001321,0.006641
-0.001268,0.005038
-0.00114,-0.007345
-0.001025,-0.00399
-0.001,-0.002935
-0.000973,-0.000545
-0.000956,0.000698
-0.000947,-0.002372
-0.000899,0.010041
-0.000868,0.007679
-0.000812,0.003363
-0.000793,0.006786
-0.000786,0.001633
-0.000664,0.005327
-0.000565,-0.000744
-0.000527,0.011457
-0.000464,-0.005536
-0.000358,-0.003875
-0.000277,0.000179
-0.000252,0.003793
-0.000186,-0.001383
-0.000101,0.006648
2e-06,0.002847
3.4e-05,0.002213
0.000216,0.003494
0.000271,-0.001805
0.000284,0.000707
0.000303,0.001544
0.000345,0.009149
0.000475,0.00343
0.000478,0.004727
0.000518,-0.002506
0.000559,-0.003092
0.000577,-0.00389
0.00059,-0.005231
0.00067,0.007423
0.000703,0.008334
0.000715,0.005756
0.000747,0.001894
0.000758,0.00015
0.000766,0.000172
0.000963,-0.001277
0.001261,0.00421
0.001413,-0.002738
0.001456,-0.000959
0.001559,0.00657
0.001562,-0.000162
0.001703,0.005449
0.001757,0.002464
0.00187,0.000243
0.002027,0.007284
0.002102,-0.00126
0.002222,0.005286
0.002245,0.000908
0.002511,0.001994
0.002576,-0.00244
0.002681,-0.004459
0.002682,0.00356
0.00276,-4.6e-05
0.00328,-0.002756
0.00332,0.003931
0.003438,0.001371
0.003547,0.001069
0.00358,0.005838
0.003615,0.00038
0.003703,0.00177
0.003994,-0.001405
0.00404,-4.7e-05
0.004115,-0.00378
0.004157,0.004896
0.004331,0.006696
0.004362,-0.002815
0.004904,0.003194
0.004937,-0.001072
0.00498,0.002819
0.005757,0.001305
0.006104,0.000743
